ABILITIES, ə b ˈɪ l ɪ t iː z
ABORIGINAL, ˌæ b ə ɹ ˈɪ dʒ ɪ n ə l
ABORTION, ə b ˈɔː ʃ ə n
ABSTRACTS(1), ə b s t ɹ ˈæ k t s
ABSTRACTS(2), ˈæ b s t ɹ ˌæ k t s
ACADEMY, ə k ˈæ d ə m iː
ACCEPTING, ə k s ˈɛ p t ɪ ŋ
ACCESSED, ˈæ k s ˌɛ s t
ACCESSIBILITY, ˌæ k s ɛ s ɪ b ˈɪ l ɪ t iː
ACCESSING, ˈæ k s ˌɛ s ɪ ŋ
ACCESSORIES, æ k s ˈɛ s ə ɹ iː z
ACCESSORY, æ k s ˈɛ s ə ɹ iː
ACCOMMODATE, ə k ˈɒ m ə d ˌeɪ t
ACCOMMODATIONS, ə k ˌɒ m ə d ˈeɪ ʃ ə n z
ACCOMPLISHED, ə k ˈɒ m p l ɪ ʃ t
ACCORDANCE, ə k ˈɔː d ə n s
ACCORDING, ə k ˈɔː d ɪ ŋ
ACCOUNTABILITY, ə k aʊ n t ə b ˈɪ l ɪ t iː
ACCOUNTING, ə k ˈaʊ n t ɪ ŋ
ACCREDITED, ə k ɹ ˈɛ d ɪ t ɪ d
ACCUSED, ə k ˈjuː z d
ACER, ˈeɪ s ə
ACIDS, ˈæ s ɪ d z
ACOUSTIC, ə k ˈuː s t ɪ k
ACROBAT, ˈæ k ɹ ə b ˌæ t
ACTIVATED, ˈæ k t ɪ v ˌeɪ t ɪ d
ACTIVATION, ˌæ k t ɪ v ˈeɪ ʃ ə n
ACTRESS, ˈæ k t ɹ ə s
AD, ˈæ d
ADA, ˈeɪ d ə
ADAMS, ˈæ d ə m z
ADAPTER, ə d ˈæ p t ə
ADAPTERS, ə d ˈæ p t ə z
ADDICTION, ə d ˈɪ k ʃ ə n
ADDITIONALLY(1), ə d ˈɪ ʃ ə n ə l iː
ADDITIONALLY(2), ə d ˈɪ ʃ n ə l iː
ADDITIONS, ə d ˈɪ ʃ ə n z
ADDRESSED, ə d ɹ ˈɛ s t
ADDRESSES, ə d ɹ ˈɛ s ɪ z
ADDRESSING, ə d ɹ ˈɛ s ɪ ŋ
ADELAIDE, ˈæ d ə l ˌeɪ d
ADIDAS, ˈæ d ɪ d ə s
ADJACENT, ə dʒ ˈeɪ s ə n t
ADJUST, ə dʒ ˈɐ s t
ADJUSTABLE, ə dʒ ˈɐ s t ə b ə l
ADJUSTED, ə dʒ ˈɐ s t ɪ d
ADJUSTMENT, ə dʒ ˈɐ s t m ə n t
ADMINISTERED, ə d m ˈɪ n ɪ s t ə d
ADMINISTRATOR, ə d m ˈɪ n ɪ s t ɹ ˌeɪ t ə
ADMINISTRATORS, ə d m ˈɪ n ɪ s t ɹ ˌeɪ t ə z
ADMISSIONS(1), æ d m ˈɪ ʃ ə n z
ADMISSIONS(2), ə d m ˈɪ ʃ ə n z
ADOBE, ə d ˈəʊ b iː
ADS, ˈæ d z
ADVANCES, ə d v ˈɑː n s ɪ z
ADVENTURES, ə d v ˈɛ n tʃ ə z
ADVERSE(1), ˈæ d v ɜː s
ADVERSE(2), æ d v ˈɜː s
ADVERTISE, ˈæ d v ə t ˌaɪ z
ADVERTISEMENT(1), ə d v ˈɜː t ɪ s m ə n t
ADVERTISEMENT(2), ə d v ˈɜː t ɪ z m ə n t
ADVERTISEMENTS(1), ə d v ˈɜː t ɪ s m ə n t s
ADVERTISEMENTS(2), ə d v ˈɜː t ɪ z m ə n t s
ADVERTISER, ˈæ d v ə t ˌaɪ z ə
ADVERTISERS, ˈæ d v ə t ˌaɪ z ə z
ADVISED, ə d v ˈaɪ z d
ADVISOR, ə d v ˈaɪ z ə
ADVOCACY, ˈæ d v ə k ə s iː
ADVOCATE(1), ˈæ d v ə k ˌeɪ t
ADVOCATE(2), ˈæ d v ə k ɪ t
AFFECTS, ə f ˈɛ k t s
AFFILIATE(1), ə f ˈɪ l ɪ ˌeɪ t
AFFILIATE(2), ə f ˈɪ l ɪə t
AFFILIATED, ə f ˈɪ l ɪ ˌeɪ t ɪ d
AFFILIATES(1), ə f ˈɪ l ɪ ˌeɪ t s
AFFILIATES(2), ə f ˈɪ l ɪə t s
AFFORDABLE, ə f ˈɔː d ə b ə l
AFGHANISTAN(1), æ f g ˈæ n ɪ s t ˌɑː n
AFGHANISTAN(2), æ f g ˈæ n ɪ s t ˌæ n
AGGREGATE(1), ˈæ g ɹ ɪ g ˌeɪ t
AGGREGATE(2), ˈæ g ɹ ɪ g ɪ t
AGREES, ə g ɹ ˈiː z
AIRFARE, ˈɛə f ˌɛə
AIRLINE, ˈɛə l ˌaɪ n
AIRLINES, ˈɛə l ˌaɪ n z
AIRPORTS, ˈɛə p ˌɔː t s
ALASKA, ə l ˈæ s k ə
ALBANY, ˈɔː l b ə n iː
ALBERTA, æ l b ˈɜː t ə
ALBUMS, ˈæ l b ə m z
ALBUQUERQUE, ˈæ l b ə k ˌɜː k iː
ALERT, ə l ˈɜː t
ALERTS, ə l ˈɜː t s
ALFRED, ˈæ l f ɹ ɪ d
ALGORITHM, ˈæ l g ə ɹ ˌɪ ð ə m
ALGORITHMS, ˈæ l g ə ɹ ˌɪ ð ə m z
ALI, ˈɑː l iː
ALIAS, ˈeɪ l ɪə s
ALIEN, ˈeɪ l ɪə n
ALIGNMENT, ə l ˈaɪ n m ə n t
ALLIED(1), ˈæ l ˌaɪ d
ALLIED(2), ə l ˈaɪ d
ALLOCATED, ˈæ l ə k ˌeɪ t ɪ d
ALPHABETICAL, ˌæ l f ə b ˈɛ t ɪ k ə l
ALPINE, ˈæ l p ˌaɪ n
ALTERNATE(1), ˈɔː l t ə n ˌeɪ t
ALTERNATE(2), ˈɔː l t ə n ə t
ALUMINUM, ə l ˈuː m ɪ n ə m
ALUMNI, ə l ˈɐ m n ˌaɪ
AMATEUR(1), ˈæ m ə t ə
AMATEUR(2), ˈæ m ə tʃ ə
AMATEUR(3), ˈæ m ə tʃ ˌjʊə
AMATEUR(4), ˈæ m ə t ˌɜː
AMAZON, ˈæ m ə z ə n
AMBER, ˈæ m b ə
AMEND, ə m ˈɛ n d
AMENDED, ə m ˈɛ n d ɪ d
AMENDMENTS, ə m ˈɛ n d m ə n t s
AMENITIES, ə m ˈɛ n ɪ t iː z
AMERICAS, ə m ˈɛ ɹ ɪ k ə z
AMINO(1), ə m ˈiː n əʊ
AMINO(2), ə m ˈaɪ n əʊ
AMSTERDAM, ˈæ m s t ə d ˌæ m
ANAL, ˈeɪ n ə l
ANALOG, ˈæ n ə l ˌɒ g
ANALYSES(1), ˈæ n ə l ˌaɪ z ɪː z
ANALYSES(2), ə n ˈæ l ɪ s ˌiː z
ANALYST, ˈæ n ə l ɪ s t
ANALYSTS, ˈæ n ə l ɪ s t s
ANALYTICAL, ˌæ n ə l ˈɪ t ɪ k ə l
ANALYZE, ˈæ n ə l ˌaɪ z
ANATOMY, ə n ˈæ t ə m iː
ANCHOR, ˈæ ŋ k ə
ANDERSON, ˈæ n d ə s ə n
ANDREAS, ɒ n d ɹ ˈeɪ ə s
ANGEL, ˈeɪ n dʒ ə l
LOS-ANGELES, l ɒ s ˈæ n dʒ ɪ l ˌiː z
ANIMATED, ˈæ n ɪ m ˌeɪ t ɪ d
ANIMATION, ˌæ n ɪ m ˈeɪ ʃ ə n
ANNEX(1), ˈæ n ˌɛ k s
ANNEX(2), ə n ˈɛ k s
ANNOTATION, ˌæ n ə t ˈeɪ ʃ ə n
ANNOUNCE, ə n ˈaʊ n s
ANNOUNCEMENTS, ə n ˈaʊ n s m ə n t s
ANNOUNCES, ə n ˈaʊ n s ɪ z
ANNUALLY, ˈæ n jʊə l iː
ANTENNA, æ n t ˈɛ n ə
ANTI, ˈæ n t iː
ANTICIPATED, æ n t ˈɪ s ɪ p ˌeɪ t ɪ d
ANTIQUE, æ n t ˈiː k
ANTIQUES, æ n t ˈiː k s
ANTONIO, æ n t ˈəʊ n ɪ əʊ
ANYMORE, ˌɛ n ɪ m ˈɔː
ANYTIME, ˈɛ n ɪ t ˌaɪ m
APACHE, ə p ˈæ tʃ iː
APARTMENT, ə p ˈɑː t m ə n t
APARTMENTS, ə p ˈɑː t m ə n t s
APP, ˈæ p
APPAREL, ə p ˈæ ɹ ə l
APPEALS, ə p ˈiː l z
APPEARING, ə p ˈɪə ɹ ɪ ŋ
APPLIANCE, ə p l ˈaɪ ə n s
APPLIANCES, ə p l ˈaɪ ə n s ɪ z
APPLICABLE(1), ˈæ p l ɪ k ə b ə l
APPLICABLE(2), ə p l ˈɪ k ə b ə l
APPLICANT, ˈæ p l ɪ k ə n t
APPLICANTS, ˈæ p l ɪ k ə n t s
APPRAISAL, ə p ɹ ˈeɪ z ə l
APPRECIATED, ə p ɹ ˈiː ʃ ɪ ˌeɪ t ɪ d
APPRECIATION, ə p ɹ ˌiː ʃ ɪ ˈeɪ ʃ ə n
APPROVE, ə p ɹ ˈuː v
APPROXIMATE(1), ə p ɹ ˈɒ k s ɪ m ˌeɪ t
APPROXIMATE(2), ə p ɹ ˈɒ k s ɪ m ə t
APPS, ˈæ p s
ARAB, ˈæ ɹ ə b
ARABIA, ə ɹ ˈeɪ b ɪə
ARABIC, ˈæ ɹ ə b ɪ k
ARC, ˈɑː k
ARCADE, ɑː k ˈeɪ d
ARCHITECTURAL, ˌɑː k ɪ t ˈɛ k tʃ ə ɹ ə l
ARCHIVE, ˈɑː k ˌaɪ v
ARCHIVES, ˈɑː k ˌaɪ v z
ARCTIC, ˈɑː k t ɪ k
ARENA, ə ɹ ˈiː n ə
ARGENTINA, ˌɑː dʒ ə n t ˈiː n ə
ARIZONA, ˌæ ɹ ɪ z ˈəʊ n ə
ARKANSAS, ˈɑː k ə n s ˌɔː
ARLINGTON, ˈɑː l ɪ ŋ t ə n
ARMENIA, ɑː m ˈiː n ɪə
ARMSTRONG, ˈɑː m s t ɹ ˌɒ ŋ
ARNOLD, ˈɑː n ə l d
ARRAY, ə ɹ ˈeɪ
ARTHRITIS, ɑː θ ɹ ˈaɪ t ɪ s
ARTWORK, ˈɑː t w ˌɜː k
ASCII, ˈæ s k iː
ASH, ˈæ ʃ
ASS, ˈɑː s
ASSESSMENTS, ə s ˈɛ s m ə n t s
ASSIGN, ə s ˈaɪ n
ASSIGNED, ə s ˈaɪ n d
ASSIGNMENTS, ə s ˈaɪ n m ə n t s
ASSISTANT, ə s ˈɪ s t ə n t
ASSISTED, ə s ˈɪ s t ɪ d
ASSOCIATE(1), ə s ˈəʊ ʃ ɪ ˌeɪ t
ASSOCIATE(2), ə s ˈəʊ s ɪ ˌeɪ t
ASSOCIATE(3), ə s ˈəʊ ʃ ɪə t
ASSOCIATE(4), ə s ˈəʊ s ɪə t
ASSOCIATES(1), ə s ˈəʊ ʃ ɪ ˌeɪ t s
ASSOCIATES(2), ə s ˈəʊ s ɪ ˌeɪ t s
ASSOCIATES(3), ə s ˈəʊ ʃ ɪə t s
ASSOCIATES(4), ə s ˈəʊ s ɪə t s
ASSUMES, ə s ˈjuː m z
ASSURE(1), ə ʃ ˈʊə
ASSURE(2), ə ʃ ˈɔː
ASTRONOMY, ə s t ɹ ˈɒ n ə m iː
ATHENS, ˈæ θ ə n z
ATHLETES, ˈæ θ l ˌiː t s
ATHLETIC, æ θ l ˈɛ t ɪ k
ATHLETICS, æ θ l ˈɛ t ɪ k s
ATLANTA(1), æ t l ˈæ n t ə
ATLANTA(2), ə t l ˈæ n t ə
ATLANTIC, ə t l ˈæ n t ɪ k
ATLAS, ˈæ t l ə s
ATOM, ˈæ t ə m
ATOMIC, ə t ˈɒ m ɪ k
ATTACH, ə t ˈæ tʃ
ATTACHMENT, ə t ˈæ tʃ m ə n t
ATTACHMENTS, ə t ˈæ tʃ m ə n t s
ATTEMPTED, ə t ˈɛ m p t ɪ d
ATTORNEY, ə t ˈɜː n iː
ATTORNEYS, ə t ˈɜː n iː z
ATTRACTIONS, ə t ɹ ˈæ k ʃ ə n z
ATTRIBUTE(1), ˈæ t ɹ ɪ b ˌjuː t
ATTRIBUTE(2), ə t ɹ ˈɪ b ˌjuː t
ATTRIBUTES(1), ˈæ t ɹ ɪ b ˌjuː t s
ATTRIBUTES(2), ə t ɹ ˈɪ b ˌjuː t s
AUCKLAND, ˈɔː k l ə n d
AUCTIONS, ˈɔː k ʃ ə n z
AUDI, ˈaʊ d iː
AUDIO, ˈɔː d iː ˌəʊ
AURORA, ɔː ɹ ˈɔː ɹ ə
AUSTIN(1), ˈɒ s t ɪ n
AUSTIN(2), ˈɔː s t ɪ n
AUTHENTIC, ɔː θ ˈɛ n t ɪ k
AUTHENTICATION, ɔː θ ˌɛ n t ɪ k ˈeɪ ʃ ə n
AUTHORIZATION, ˌɔː θ ə ɹ aɪ z ˈeɪ ʃ ə n
AUTHORIZED, ˈɔː θ ə ɹ ˌaɪ z d
AUTO, ˈɔː t əʊ
AUTOMATED, ˈɔː t ə m ˌeɪ t ɪ d
AUTOMATION, ɔː t ə m ˈeɪ ʃ ə n
AUTOMOBILE, ˌɔː t ə m ə b ˈiː l
AUTOMOTIVE, ˌɔː t ə m ˈəʊ t ɪ v
AUTOS, ˈɔː t əʊ z
AVATAR, ˈæ v ə t ɑː
AVIATION, ˌeɪ v ɪ ˈeɪ ʃ ə n
AWESOME, ˈɔː s ə m
AXIS, ˈæ k s ɪ s
BACHELOR(1), b ˈæ tʃ ə l ə
BACHELOR(2), b ˈæ tʃ l ə
BACKED, b ˈæ k t
BACKGROUNDS, b ˈæ k g ɹ ˌaʊ n d z
BACKUP, b ˈæ k ˌɐ p
BACTERIA, b æ k t ˈɪə ɹ ɪə
BAHAMAS, b ə h ˈɑː m ə z
BAILEY, b ˈeɪ l iː
BALANCED, b ˈæ l ə n s t
BALI, b ˈɑː l iː
BALTIMORE, b ˈɔː l t ɪ m ˌɔː
BANDWIDTH, b ˈæ n d w ɪ d θ
BANGKOK(1), b ˈæ ŋ k ɒ k
BANGKOK(2), b æ ŋ k ˈɒ k
BANGLADESH, b ˈæ ŋ l ə d ˌɛ ʃ
BANKING, b ˈæ ŋ k ɪ ŋ
BANKRUPTCY(1), b ˈæ ŋ k ɹ ɐ p t s iː
BANKRUPTCY(2), b ˈæ ŋ k ɹ ə p t s iː
BANNER, b ˈæ n ə
BAPTIST, b ˈæ p t ɪ s t
BARBADOS, b ɑː b ˈeɪ d əʊ s
BARCELONA, b ˌɑː s ɪ l ˈəʊ n ə
BARGAINS, b ˈɑː g ɪ n z
BARNES, b ˈɑː n z
BASEBALL, b ˈeɪ s b ˌɔː l
BASIN, b ˈeɪ s ɪ n
BASKETBALL, b ˈɑː s k ɪ t b ˌɔː l
BASKETS, b ˈɑː s k ɪ t s
BATCH, b ˈæ tʃ
BATHROOMS, b ˈɑː θ ɹ ˌuː m z
BATTLEFIELD, b ˈæ t ə l f ˌiː l d
BEACHES, b ˈiː tʃ ɪ z
BEAM, b ˈiː m
BEARING, b ˈɛə ɹ ɪ ŋ
BEARS, b ˈɛə z
BEAST, b ˈiː s t
BEATLES, b ˈiː t ə l z
BEAVER, b ˈiː v ə
BEHALF, b ɪ h ˈɑː f
BEHAVIOR, b ɪ h ˈeɪ v j ə
BEHAVIORAL, b ɪ h ˈeɪ v j ə ɹ ə l
BELARUS(1), b ˌɛ l ə r ˈuː s
BELARUS(2), b ˈɛ l ə r ˌʊ s
BELIZE(1), b ɛ l ˈiː z
BELIZE(2), b ə l ˈiː z
BENEFICIAL, b ˌɛ n ɪ f ˈɪ ʃ ə l
BERKELEY, b ˈɜː k l iː
BERMUDA, b ə m ˈjuː d ə
BERRY, b ˈɛ ɹ iː
BESTIALITY, b ˌɛ s t ɪ ˈæ l ɪ t iː
BESTSELLERS, b ˈɛ s t s ˌɛ l ə z
BETA, b ˈiː t ə
BEVERAGE(1), b ˈɛ v ɹ ɪ dʒ
BEVERAGE(2), b ˈɛ v ə ɹ ɪ dʒ
BEVERLY, b ˈɛ v ə l iː
BIAS, b ˈaɪ ə s
BIBLIOGRAPHY, b ˌɪ b l ɪ ˈɒ g ɹ ə f iː
BIDDER, b ˈɪ d ə
BIKINI, b ɪ k ˈiː n iː
BINARY, b ˈaɪ n ə ɹ iː
BIOGRAPHIES, b aɪ ˈɒ g ɹ ə f iː z
BIOGRAPHY, b aɪ ˈɒ g ɹ ə f iː
BIOS, b ˈaɪ ə s
BIOTECHNOLOGY, b ˌaɪ əʊ t ɛ k n ˈɒ l ə dʒ iː
BIZARRE, b ɪ z ˈɑː
BLACKJACK, b l ˈæ k dʒ ˌæ k
BLAIR, b l ˈɛə
BLAST, b l ˈɑː s t
BLOG, b l ˈɒ g
BLOGGER, b l ˈɒ g ə
BLOGGERS, b l ˈɒ g ə z
BLOGGING, b l ˈɒ g ɪ ŋ
BLOGS, b l ˈɒ g z
BLOWJOB, b l ˈəʊ dʒ ˌɒ b
BLUES, b l ˈuː z
BLUETOOTH, b l ˈuː t ˌuː θ
BOLD, b ˈəʊ l d
BOLIVIA, b ə l ˈɪ v ɪə
BONDAGE, b ˈɒ n d ɪ dʒ
BOOB, b ˈuː b
BOOBS, b ˈuː b z
BOOKING, b ˈʊ k ɪ ŋ
BOOKINGS, b ˈʊ k ɪ ŋ z
BOOKMARK, b ˈʊ k m ˌɑː k
BOOKMARKS, b ˈʊ k m ˌɑː k s
BOOKSTORE, b ˈʊ k s t ˌɔː
BOOLEAN, b ˈuː l ɪə n
BOOST, b ˈuː s t
BOOTH, b ˈuː θ
BOOTY, b ˈuː t iː
BORDERS, b ˈɔː d ə z
BOSNIA, b ˈɒ z n ɪə
BOSTON, b ˈɒ s t ə n
BOTSWANA, b ɒ t s w ˈɑː n ə
BRACELET, b ɹ ˈeɪ s l ə t
BRAD, b ɹ ˈæ d
BRADLEY, b ɹ ˈæ d l iː
BRAND, b ɹ ˈæ n d
BRANDS, b ɹ ˈæ n d z
BRAZILIAN, b ɹ ə z ˈɪ l j ə n
BREASTS, b ɹ ˈɛ s t s
BREED, b ɹ ˈiː d
BREEDING, b ɹ ˈiː d ɪ ŋ
BREEDS, b ɹ ˈiː d z
BRIDAL, b ɹ ˈaɪ d ə l
BRIDE, b ɹ ˈaɪ d
BRIDGES, b ɹ ˈɪ dʒ ɪ z
BRISBANE, b ɹ ˈɪ z b ə n
BRITANNICA, b ɹ ɪ t ˈæ n ɪ k ə
BRITNEY, b ɹ ˈɪ t n ˌiː
BROADBAND, b ɹ ˈɔː d b ˌæ n d
BROADCAST, b ɹ ˈɔː d k ˌɑː s t
BROADCASTING, b ɹ ˈɔː d k ˌɑː s t ɪ ŋ
BROADWAY, b ɹ ˈɔː d w ˌeɪ
BROCHURE, b ɹ ˈəʊ ʃ ə
BROKER, b ɹ ˈəʊ k ə
BROKERS, b ɹ ˈəʊ k ə z
BRONZE, b ɹ ˈɒ n z
BROOKLYN, b ɹ ˈʊ k l ɪ n
BROOKS, b ɹ ˈʊ k s
BROWSE, b ɹ ˈaʊ z
BROWSER, b ɹ ˈaʊ z ə
BROWSERS, b ɹ ˈaʊ z ə z
BROWSING, b ɹ ˈaʊ z ɪ ŋ
BRUNETTE, b ɹ uː n ˈɛ t
BRUNSWICK, b ɹ ˈɐ n z w ɪ k
BRYAN, b ɹ ˈaɪ ə n
BUDDY, b ˈɐ d iː
BUFFALO, b ˈɐ f ə l ˌəʊ
BUFFER, b ˈɐ f ə
BUG, b ˈɐ g
BUGS, b ˈɐ g z
BUILDER, b ˈɪ l d ə
BULGARIA, b ɐ l g ˈɛə ɹ ɪə
BULGARIAN, b ɐ l g ˈɛə ɹ ɪə n
BULLET, b ˈʊ l ɪ t
BULLETIN, b ˈʊ l ɪ t ɪ n
BUNDLE, b ˈɐ n d ə l
BUREAU, b ˈjʊə ɹ əʊ
BURIED, b ˈɛ ɹ iː d
BURNER, b ˈɜː n ə
BURNS, b ˈɜː n z
BURTON, b ˈɜː t ə n
BUSTY, b ˈɐ s t iː
BUTLER, b ˈɐ t l ə
BUTT, b ˈɐ t
BUTTS, b ˈɐ t s
BUZZ, b ˈɐ z
CAB, k ˈæ b
CABIN, k ˈæ b ɪ n
CABLES, k ˈeɪ b ə l z
CACHE, k ˈæ ʃ
CACHED, k ˈæ ʃ t
CALCIUM, k ˈæ l s ɪə m
CALCULATE, k ˈæ l k jʊ l ˌeɪ t
CALCULATION, k ˌæ l k jʊ l ˈeɪ ʃ ə n
CALCULATIONS, k ˌæ l k jʊ l ˈeɪ ʃ ə n z
CALCULATORS, k ˈæ l k jʊ l ˌeɪ t ə z
CALENDARS, k ˈæ l ə n d ə z
CALGARY, k ˈæ l g ə ɹ iː
CAM, k ˈæ m
CAMBODIA, k ˌæ m b ˈəʊ d ɪə
CAMCORDER, k ˈæ m k ˌɔː d ə
CAMCORDERS, k ˈæ m k ˌɔː d ə z
CAMEL, k ˈæ m ə l
CAMERON, k ˈæ m ə ɹ ə n
CAMPAIGNS, k æ m p ˈeɪ n z
CAMPING, k ˈæ m p ɪ ŋ
CAMPS, k ˈæ m p s
CAMPUS, k ˈæ m p ə s
CANADIAN, k ə n ˈeɪ d ɪə n
CANCELLATION, k ˌæ n s ə l ˈeɪ ʃ ə n
CANDLE, k ˈæ n d ə l
CANDY, k ˈæ n d iː
CANON, k ˈæ n ə n
CANT, k ˈæ n t
CANVAS, k ˈæ n v ə s
CANYON, k ˈæ n j ə n
CAPABILITIES, k ˌeɪ p ə b ˈɪ l ɪ t iː z
CAPABILITY, k ˌeɪ p ə b ˈɪ l ɪ t iː
CAPITOL, k ˈæ p ɪ t ə l
CAPS, k ˈæ p s
CAPTURE, k ˈæ p tʃ ə
CAPTURED, k ˈæ p tʃ ə d
CAREY, k ˈɛə ɹ iː
CARGO, k ˈɑː g ˌəʊ
CARIBBEAN(1), k ˌæ ɹ ɪ b ˈiː ə n
CARIBBEAN(2), k ə ɹ ˈɪ b ɪə n
CARING, k ˈɛə ɹ ɪ ŋ
CARLOS, k ˈɑː l ɒ s
CARRIERS, k ˈæ ɹ ɪə z
CARROLL, k ˈæ ɹ ə l
CART, k ˈɑː t
CARTER, k ˈɑː t ə
CARTOON, k ɑː t ˈuː n
CARTRIDGE, k ˈɑː t ɹ ɪ dʒ
CARTRIDGES, k ˈɑː t ɹ ɪ dʒ ɪ z
CASHIERS, k ˌæ ʃ ˈɪə z
CASINO, k ə s ˈiː n əʊ
CASINOS, k ə s ˈiː n əʊ z
CAST, k ˈɑː  s t
CASTING, k ˈɑː  s t ɪ ŋ
CATALOG, k ˈæ t ə l ˌɒ g
CATERING, k ˈeɪ t ə ɹ ɪ ŋ
CEDAR, s ˈiː d ə
CELEBRATE, s ˈɛ l ə b ɹ ˌeɪ t
CELEBRATION, s ˌɛ l ə b ɹ ˈeɪ ʃ ə n
CELEBRITIES, s ə l ˈɛ b ɹ ɪ t iː z
CELEBRITY, s ə l ˈɛ b ɹ ɪ t iː
CELLULAR, s ˈɛ l jʊ l ə
CENSUS, s ˈɛ n s ə s
CENTER, s ˈɛ n t ə
CENTERS, s ˈɛ n t ə z
CERAMIC, s ɪ ɹ ˈæ m ɪ k
CERTIFICATES(1), s ə t ˈɪ f ɪ k ˌeɪ t s
CERTIFICATES(2), s ə t ˈɪ f ɪ k ə t s
CERTIFICATION, s ˌɜː t ɪ f ɪ k ˈeɪ ʃ ə n
CERTIFIED, s ˈɜː t ɪ f ˌaɪ d
CHAD, tʃ ˈæ d
CHALLENGES, tʃ ˈæ l ə n dʒ ɪ z
CHALLENGING, tʃ ˈæ l ə n dʒ ɪ ŋ
CHAMBERS, tʃ ˈeɪ m b ə z
CHAMPIONS, tʃ ˈæ m p ɪə n z
CHAMPIONSHIPS, tʃ ˈæ m p ɪə n ʃ ˌɪ p s
CHAR, tʃ ˈɑː
CHARGER, tʃ ˈɑː dʒ ə
CHARLESTON(1), tʃ ˈɑː l s t ə n
CHARLESTON(2), tʃ ˈɑː l z t ə n
CHARM, tʃ ˈɑː m
CHARTS, tʃ ˈɑː t s
CHEATS, tʃ ˈiː t s
CHECKOUT, tʃ ˈɛ k ˌaʊ t
CHEVROLET(1), ʃ ˈɛ v ɹ əʊ l ˌeɪ
CHEVROLET(2), ʃ ˈɛ v ɹ ə l ˌeɪ
CHICAGO, ʃ ɪ k ˈɑː g əʊ
CHILDRENS, tʃ ˈɪ l d ɹ ə n z
CHILE, tʃ ˈɪ l iː
CHOLESTEROL, k ə l ˈɛ s t ə ɹ ˌɒ l
CHORUS, k ˈɒ ɹ ə s
CHRISTINA, k ɹ ɪ s t ˈiː n ə
CHROME, k ɹ ˈəʊ m
CHRONICLE, k ɹ ˈɒ n ɪ k ə l
CHRONICLES, k ɹ ˈɒ n ɪ k ə l z
CHRYSLER, k ɹ ˈaɪ s l ə
CHUBBY, tʃ ˈɐ b iː
CIAO, tʃ ˈaʊ
CINCINNATI, s ˌɪ n s ɪ n ˈæ t iː
CIRCULAR, s ˈɜː k jʊ l ə
CISCO, s ˈɪ s k əʊ
CITATION, s aɪ t ˈeɪ ʃ ə n
CITATIONS, s aɪ t ˈeɪ ʃ ə n z
CITIZEN, s ˈɪ t ɪ z ə n
CLARITY, k l ˈæ ɹ ɪ t iː
CLARK, k l ˈɑː k
CLASSICS, k l ˈæ s ɪ k s
CLASSIFIED, k l ˈæ s ɪ f ˌaɪ d
CLEARANCE, k l ˈɪə ɹ ə n s
CLONE, k l ˈəʊ n
CLOSEST, k l ˈəʊ s ə s t
CLOUDS, k l ˈaʊ d z
CLOUDY, k l ˈaʊ d iː
CLUSTER, k l ˈɐ s t ə
COACHES, k ˈəʊ tʃ ɪ z
COACHING, k ˈəʊ tʃ ɪ ŋ
COASTAL, k ˈəʊ s t ə l
COCKS, k ˈɒ k s
CODING, k ˈəʊ d ɪ ŋ
COGNITIVE, k ˈɒ g n ɪ t ɪ v
COLE, k ˈəʊ l
COLLABORATION, k ə l ˌæ b ə ɹ ˈeɪ ʃ ə n
COLLABORATIVE, k ə l ˌæ b ə ɹ ə t ɪ v
COLLECTIBLES, k ə l ˈɛ k t ə b ə l z
COLLECTOR, k ə l ˈɛ k t ə
COLLINS, k ˈɒ l ɪ n z
COLOMBIA, k ə l ˈɒ m b ɪə
COLOR, k ˈɐ l ə
COLORADO, k ˌɒ l ə ɹ ˈɑː d əʊ
COLORED, k ˈɐ l ə d
COLORS, k ˈɐ l ə z
COLUMBIA, k ə l ˈɐ m b ɪə
COLUMBUS, k ə l ˈɐ m b ə s
COLUMNISTS, k ˈɒ l ə m n ɪ s t s
COMBAT(1), k ˈɒ m b ˌæ t
COMBAT(2), k ə m b ˈæ t
COMBINE(1), k ˈɒ m b aɪ n
COMBINE(2), k ə m b ˈaɪ n
COMBO, k ˈɒ m b əʊ
COMIC, k ˈɒ m ɪ k
COMICS, k ˈɒ m ɪ k s
COMMANDS, k ə m ˈɑː n d z
COMMENTARY(1), k ˈɒ m ə n t ə ɹ iː
COMMENTARY(2), k ˈɒ m ə n t ɹ iː
COMMISSIONER, k ə m ˈɪ ʃ ə n ə
COMMIT, k ə m ˈɪ t
COMMUNICATE, k ə m ˈjuː n ɪ k ˌeɪ t
COMP, k ˈɒ m p
COMPACT(1), k ˈɒ m p æ k t
COMPACT(2), k ə m p ˈæ k t
COMPAQ, k ˈɒ m p ˌæ k
COMPARATIVE, k ə m p ˈæ ɹ ə t ɪ v
COMPARE, k ə m p ˈɛə
COMPARING, k ə m p ˈɛə ɹ ɪ ŋ
COMPARISONS, k ə m p ˈæ ɹ ɪ s ə n z
COMPATIBILITY, k ə m p ˌæ t ə b ˈɪ l ɪ t iː
COMPATIBLE, k ə m p ˈæ t ɪ b ə l
COMPETITIONS, k ˌɒ m p ə t ˈɪ ʃ ə n z
COMPILATION, k ˌɒ m p ɪ l ˈeɪ ʃ ə n
COMPILE, k ə m p ˈaɪ l
COMPILED, k ə m p ˈaɪ l d
COMPILER, k ə m p ˈaɪ l ə
COMPLETING, k ə m p l ˈiː t ɪ ŋ
COMPLIANCE, k ə m p l ˈaɪ ə n s
COMPLIANT, k ə m p l ˈaɪ ə n t
COMPLICATIONS, k ˌɒ m p l ɪ k ˈeɪ ʃ ə n z
COMPLY, k ə m p l ˈaɪ
COMPOSED, k ə m p ˈəʊ z d
COMPOSER, k ə m p ˈəʊ z ə
COMPOSITE(1), k ɒ m p ˈə z ɪ t
COMPOSITE(2), k ɒ m p ˈə z aɪ t
COMPOUND(1), k ˈɒ m p aʊ n d
COMPOUND(2), k ə m p ˈaʊ n d
COMPOUNDS(1), k ˈɒ m p aʊ n d z
COMPOUNDS(2), k ə m p ˈaʊ n d z
COMPRESSED, k ə m p ɹ ˈɛ s t
COMPRESSION, k ə m p ɹ ˈɛ ʃ ə n
COMPUTING, k ə m p ˈjuː t ɪ ŋ
CONCERTS(1), k ˈɒ n s ə t s
CONCERTS(2), k ə n s ˈɜː t s
CONDITIONING, k ə n d ˈɪ ʃ ə n ɪ ŋ
CONDUCTING, k ə n d ˈɐ k t ɪ ŋ
CONFERENCES(1), k ˈɒ n f ə ɹ ə n s ɪ z
CONFERENCES(2), k ˈɒ n f ɹ ə n s ɪ z
CONFERENCING, k ˈɒ n f ɹ ə n s ɪ ŋ
CONFIGURATION(1), k ə n f ˌɪ g jʊ ɹ ˈeɪ ʃ ə n
CONFIGURATION(2), k ə n f ˌɪ g ə ɹ ˈeɪ ʃ ə n
CONFIGURE, k ə n f ˈɪ g ə
CONFIGURED, k ə n f ˈɪ g ə d
CONFIRMATION, k ˌɒ n f ə m ˈeɪ ʃ ə n
CONFLICTS(1), k ˈɒ n f l ɪ k t s
CONFLICTS(2), k ə n f l ˈɪ k t s
CONFUSED, k ə n f ˈjuː z d
CONGO, k ˈɒ ŋ g əʊ
CONGRESSIONAL, k ə n g ɹ ˈɛ ʃ ə n ə l
CONJUNCTION, k ə n dʒ ˈɐ ŋ k ʃ ə n
CONNECT, k ə n ˈɛ k t
CONNECTING, k ə n ˈɛ k t ɪ ŋ
CONNECTIVITY, k ə n ɛ k t ˈɪ v ɪ t iː
CONNECTOR, k ə n ˈɛ k t ə
CONNECTORS, k ə n ˈɛ k t ə z
CONS, k ˈɒ n z
CONSISTING, k ə n s ˈɪ s t ɪ ŋ
CONSOLE(1), k ˈɒ n s əʊ l
CONSOLE(2), k ə n s ˈəʊ l
CONSOLIDATED, k ə n s ˈɒ l ɪ d ˌeɪ t ɪ d
CONSOLIDATION, k ə n s ˌɒ l ɪ d ˈeɪ ʃ ə n
CONSORTIUM, k ə n s ˈɔː t ɪə m
CONSTITUTE, k ˈɒ n s t ɪ t ˌjuː t
CONSTITUTES, k ˈɒ n s t ɪ t ˌjuː t s
CONSTRUCT(1), k ˈɒ n s t ɹ ɐ k t
CONSTRUCT(2), k ə n s t ɹ ˈɐ k t
CONSTRUCTED, k ə n s t ɹ ˈɐ k t ɪ d
CONSULT, k ə n s ˈɐ l t
CONSULTING, k ə n s ˈɐ l t ɪ ŋ
CONTAINER, k ə n t ˈeɪ n ə
CONTAINERS, k ə n t ˈeɪ n ə z
CONTEST(1), k ˈɒ n t ɛ s t
CONTEST(2), k ə n t ˈɛ s t
CONTESTS(1), k ˈɒ n t ɛ s t s
CONTESTS(2), k ə n t ˈɛ s t s
CONTRACTING, k ˈɒ n t ɹ ˈæ k t ɪ ŋ
CONTRACTOR, k ˈɒ n t ɹ ˌæ k t ə
CONTRACTORS, k ˈɒ n t ɹ ˌæ k t ə z
CONTRARY(1), k ˈɒ n t ɹ ə ɹ iː
CONTRARY(2), k ə n t ɹ ˈɛə ɹ iː
CONTRIBUTED, k ə n t ɹ ˈɪ b juː t ɪ d
CONTRIBUTING, k ə n t ɹ ˈɪ b juː t ɪ ŋ
CONTRIBUTORS, k ə n t ɹ ˈɪ b jʊ t ə z
CONTROLLER, k ə n t ɹ ˈəʊ l ə
CONTROLLING, k ə n t ɹ ˈəʊ l ɪ ŋ
CONVENIENCE, k ə n v ˈiː n ɪə n s
CONVERT(1), k ˈɒ n v ɜː t
CONVERT(2), k ə n v ˈɜː t
CONVERTED, k ə n v ˈɜː t ɪ d
CONVERTER, k ə n v ˈɜː t ə
COOKBOOK, k ˈʊ k b ˌʊ k
COOKIE, k ˈʊ k iː
COOKIES, k ˈʊ k iː z
COOLER, k ˈuː l ə
COOLING, k ˈuː l ɪ ŋ
COOPER, k ˈuː p ə
COOPERATION, k əʊ ˌɒ p ə ɹ ˈeɪ ʃ ə n
COOPERATIVE, k əʊ ˈɒ p ə ɹ ə t ɪ v
COORDINATE(1), k əʊ ˈɔː d ɪ n ˌeɪ t
COORDINATE(2), k əʊ ˈɔː d ɪ n ə t
COORDINATION, k əʊ ˌɔː d ɪ n ˈeɪ ʃ ə n
COORDINATOR, k əʊ ˈɔː d ɪ n ˌeɪ t ə
COPIED, k ˈɒ p iː d
COPYING, k ˈɒ p iː ɪ ŋ
COPYRIGHT, k ˈɒ p iː ɹ ˌaɪ t
COPYRIGHTED, k ˈɒ p iː ɹ ˌaɪ t ɪ d
COPYRIGHTS, k ˈɒ p iː ɹ ˌaɪ t s
CORAL, k ˈɔː ɹ ə l
CORD, k ˈɔː d
CORDLESS, k ˈɔː d l ə s
CORPS(1), k ˈɔː
CORPS(2), k ˈɔː z
CORRECTION, k ə ɹ ˈɛ k ʃ ə n
CORRECTIONS, k ə ɹ ˈɛ k ʃ ə n z
CORRELATION, k ˌɒ ɹ ə l ˈeɪ ʃ ə n
CORRESPONDING, k ˌɒ ɹ ɪ s p ˈɒ n d ɪ ŋ
CORRUPTION, k ə ɹ ˈɐ p ʃ ə n
COSMETIC, k ɒ z m ˈɛ t ɪ k
COSMETICS, k ɒ z m ˈɛ t ɪ k s
COSTA, k ˈɒ s t ə
COSTA-RICA, k ˈɒ s t ə ɹ ˈiː k ə
COSTUME, k ˈɒ s t juː m
COSTUMES, k ˈɒ s t juː m z
COUNSEL, k ˈaʊ n s ə l
COUNSELING(1), k ˈaʊ n s ə l ɪ ŋ
COUNSELING(2), k ˈaʊ n s l ɪ ŋ
COUNTERS, k ˈaʊ n t ə z
COUNTIES, k ˈaʊ n t iː z
COUNTS, k ˈaʊ n t s
COUPLES, k ˈɐ p ə l z
COUPON, k ˈuː p ɒ n
COUPONS, k ˈuː p ɒ n z
COURIER, k ˈʊ ɹ ɪə
COURTESY, k ˈɜː t ə s iː
COX, k ˈɒ k s
CRAFTS, k ɹ ˈɑː f t s
CREATIVITY, k ɹ ˌiː eɪ t ˈɪ v ɪ t iː
CREATOR, k ɹ iː ˈeɪ t ə
CREDITS, k ɹ ˈɛ d ɪ t s
CREEK, k ɹ ˈiː k
CROATIA, k ɹ əʊ ˈeɪ ʃ ə
CROP, k ɹ ˈɒ p
CROPS, k ɹ ˈɒ p s
CRUISE, k ɹ ˈuː z
CRUISES, k ɹ ˈuː z ɪ z
CRUZ, k ɹ ˈuː z
CUBA, k ˈjuː b ə
CUBE, k ˈjuː b
CUISINE, k w ɪ z ˈiː n
CUM, k ˈɐ m
CURE, k ˈjʊə
CUSTOM, k ˈɐ s t ə m
CUSTOMIZE, k ˈɐ s t ə m ˌaɪ z
CUSTOMIZED, k ˈɐ s t ə m ˌaɪ z d
CYBER, s ˈaɪ b ə
CYCLES, s ˈaɪ k ə l z
CYPRUS, s ˈaɪ p ɹ ə s
DAIRY, d ˈɛə ɹ iː
DAKOTA, d ə k ˈəʊ t ə
DALLAS, d ˈæ l ə s
DAM, d ˈæ m
DAMAGED, d ˈæ m ɪ dʒ d
DARWIN, d ˈɑː w ɪ n
DATABASES, d ˈeɪ t ə b ˌeɪ s ɪ z
DAVIDSON, d ˈeɪ v ɪ d s ə n
DAYTON, d ˈeɪ t ə n
DEALS, d ˈiː l z
DEAN, d ˈiː n
DEBUG, d iː b ˈɐ g
DECOR(1), d ˈeɪ k ɔː
DECOR(2), d ˈe k ɔː
DECORATIVE, d ˈɛ k ɹ ə t ɪ v
DECREASE(1), d ˈiː k ɹ ˌiː s
DECREASE(2), d ɪ k ɹ ˈiː s
DECREASED(1), d ˈiː k ɹ ˌiː s t
DECREASED(2), d ɪ k ɹ ˈiː s t
DEDICATED, d ˈɛ d ɪ k eɪ t ɪ d
DEEMED, d ˈiː m d
DEER, d ˈɪə
DEFAULT(1), d ˈiː f ɔː l t
DEFAULT(2), d ɪ f ˈɔː l t
DEFINITIONS, d ˌɛ f ɪ n ˈɪ ʃ ə n z
DELAWARE, d ˈɛ l ə w ˌɛə
DELETE, d ɪ l ˈiː t
DELETED, d ɪ l ˈiː t ɪ d
DELHI, d ˈɛ l iː
DELIVERING, d ɪ l ˈɪ v ə ɹ ɪ ŋ
DELIVERS, d ɪ l ˈɪ v ə z
DELTA, d ˈɛ l t ə
DELUXE(1), d ɪ l ˈɐ k s
DELUXE(2), d ɪ l ˈʊ k s
DEMO, d ˈɛ m əʊ
DENMARK, d ˈɛ n m ˌɑː k
DENTAL, d ˈɛ n t ə l
DENVER, d ˈɛ n v ə
DEPLOYMENT, d ɪ p l ˈɔɪ m ə n t
DEPOSITS, d ɪ p ˈɒ z ɪ t s
DEPOT, d ˈɛ p əʊ
DESIGNERS, d ɪ z ˈaɪ n ə z
DESIRED, d ɪ z ˈaɪ ə d
DESKTOP, d ˈɛ s k t ˌɒ p
DESKTOPS, d ˈɛ s k t ˌɒ p s
DESTINATION, d ˌɛ s t ɪ n ˈeɪ ʃ ə n
DESTINATIONS, d ˌɛ s t ɪ n ˈeɪ ʃ ə n z
DETECTION, d ɪ t ˈɛ k ʃ ə n
DETECTOR, d ɪ t ˈɛ k t ə
DETERMINES, d ɪ t ˈɜː m ɪ n z
DETERMINING, d ɪ t ˈɜː m ɪ n ɪ ŋ
DETROIT, d ɪ t ɹ ˈɔɪ t
DEUTSCH, d ˈɔɪ tʃ
DEVELOPER, d ɪ v ˈɛ l ə p ə
DEVELOPERS, d ɪ v ˈɛ l ə p ə z
DEVELOPMENTAL, d ɪ v ˌɛ l ə p m ˈɛ n t ə l
DEVIANT, d ˈiː v ɪə n t
DEVOTED, d ɪ v ˈəʊ t ɪ d
DIABETES, d ˌaɪ ə b ˈiː t iː z
DIAGNOSTIC, d ˌaɪ ə g n ˈɒ s t ɪ k
DIALOG, d ˈaɪ ə l ɒ g
DIAMETER, d aɪ ˈæ m ɪ t ə
DIEGO, d ɪ ˈeɪ g əʊ
DIESEL, d ˈiː z ə l
DIETARY, d ˈaɪ ə t ə ɹ iː
DIFFER, d ˈɪ f ə
DIFFERENTIAL, d ˌɪ f ə ɹ ə n ʃ ə l
DILDO, d ˈɪ l d əʊ
DIMENSIONAL(1), d aɪ m ˈɛ n ʃ ə n ə l
DIMENSIONAL(2), d ɪ m ˈɛ n ʃ ə n ə l
DIMENSIONS(1), d aɪ m ˈɛ n ʃ ə n z
DIMENSIONS(2), d ɪ m ˈɛ n ʃ ə n z
DIRECTORIES(1), d aɪ ɹ ˈɛ k t ə ɹ iː z
DIRECTORIES(2), d ɪ ɹ ˈɛ k t ə ɹ iː z
DISABILITIES, d ɪ s ə b ˈɪ l ɪ t iː z
DISABILITY, d ˌɪ s ə b ˈɪ l ɪ t iː
DISABLE, d ɪ s ˈeɪ b ə l
DISAGREE, d ɪ s ə g ɹ ˈiː
DISCHARGE(1), d ˈɪ s tʃ ˌɑː dʒ
DISCHARGE(2), d ɪ s tʃ ˈɑː dʒ
DISCLAIMER, d ɪ s k l ˈeɪ m ə
DISCLAIMERS, d ɪ s k l ˈeɪ m ə z
DISCLOSURE, d ɪ s k l ˈəʊ ʒ ə
DISCOUNTED, d ˈɪ s k ˌaʊ n t ɪ d
DISCOUNTS(1), d ˈɪ s k ˌaʊ n t s
DISCOUNTS(2), d ɪ s k ˈaʊ n t s
DISCUSSES, d ɪ s k ˈɐ s ɪ z
DISORDER, d ɪ s ˈɔː d ə
DISORDERS, d ɪ s ˈɔː d ə z
DISPATCHED, d ɪ s p ˈæ tʃ t
DISTRIBUTE, d ɪ s t ɹ ˈɪ b juː t
DISTRIBUTED, d ɪ s t ɹ ˈɪ b jʊ t ɪ d
DISTRIBUTIONS, d ˌɪ s t ɹ ɪ b ˈjuː ʃ ə n z
DISTRIBUTOR, d ɪ s t ɹ ˈɪ b jʊ t ə
DISTRIBUTORS, d ɪ s t ɹ ˈɪ b jʊ t ə z
DISTURBED, d ɪ s t ˈɜː b d
DIVERSE(1), d aɪ v ˈɜː s
DIVERSE(2), d ˈaɪ v ɜː s
DIVERSITY, d aɪ v ˈɜː s ɪ t iː
DOC, d ˈɒ k
DOCUMENTARY, d ˌɒ k jʊ m ˈɛ n t ə ɹ iː
DOCUMENTATION, d ˌɒ k jʊ m ɛ n t ˈeɪ ʃ ə n
DOCUMENTED, d ˈɒ k jʊ m ˌɛ n t ɪ d
DODGE, d ˈɒ dʒ
DOE, d ˈəʊ
DOMAINS(1), d əʊ m ˈeɪ n z
DOMAINS(2), d ə m ˈeɪ n z
DOMINICAN, d ə m ˈɪ n ɪ k ə n
DONATE, d ˈəʊ n ˌeɪ t
DONATION, d əʊ n ˈeɪ ʃ ə n
DONATIONS, d əʊ n ˈeɪ ʃ ə n z
DONOR, d ˈəʊ n ə
DOS, d ˈɒ s
DOWNLOAD, d ˈaʊ n l ˌəʊ d
DOWNLOADED, d ˈaʊ n l ˌəʊ d ɪ d
DOWNLOADING, d ˈaʊ n l ˌəʊ d ɪ ŋ
DOWNLOADS, d ˈaʊ n l ˌəʊ d z
DOWNTOWN, d ˈaʊ n t ˈaʊ n
DRAG, d ɹ ˈæ g
DRAGON, d ɹ ˈæ g ə n
DURABLE, d ˈjʊə ɹ ə b ə l
DYNAMICS, d aɪ n ˈæ m ɪ k s
EAGLE, ˈiː g ə l
EAGLES, ˈiː g ə l z
EARL, ˈɜː l
EARNED, ˈɜː n d
EBAY, ˈiː b ˌeɪ
EBONY, ˈɛ b ə n iː
ECHO, ˈɛ k əʊ
ECO(1), ˈiː k əʊ
ECO(2), ˈɛ k əʊ
ECOLOGICAL(1), iː k ə l ˈɒ dʒ ɪ k ə l
ECOLOGICAL(2), ɛ k ə l ˈɒ dʒ ɪ k ə l
ECOLOGY, ɪ k ˈɒ l ə dʒ iː
ECUADOR, ˈɛ k w ə d ˌɔː
EDIT, ˈɛ d ɪ t
EDITIONS, ɪ d ˈɪ ʃ ə n z
EDITORIAL, ˌɛ d ɪ t ˈɔː ɹ ɪə l
EDITORS, ˈɛ d ɪ t ə z
EDUCATORS, ˈɛ d jʊ k ˌeɪ t ə z
EDWARDS, ˈɛ d w ə d z
EJACULATION, ɪ dʒ ˌæ k jʊ l ˈeɪ ʃ ə n
ELDER, ˈɛ l d ə
ELECTRON, ɪ l ˈɛ k t ɹ ə n
ELEMENTARY(1), ˌɛ l ɪ m ˈɛ n t ə ɹ iː
ELEMENTARY(2), ˌɛ l ɪ m ˈɛ n t ɹ iː
ELIGIBILITY, ˌɛ l ɪ dʒ ɪ b ˈɪ l ɪ t iː
ELIGIBLE, ˈɛ l ɪ dʒ ɪ b ə l
ELIMINATE, ɪ l ˈɪ m ɪ n ˌeɪ t
ELITE(1), ɪ l ˈiː t
ELITE(2), eɪ l ˈiː t
ELLEN, ˈɛ l ə n
EMAIL, ˈiː m eɪ l
EMAILS, ˈiː m eɪ l z
EMBASSY, ˈɛ m b ə s iː
EMERGING, ɪ m ˈɜː dʒ ɪ ŋ
EMIRATES, ˈɛ m ɪ ɹ ɪ t s
EMISSION, ɪ m ˈɪ ʃ ə n
ENABLED(1), ɪ n ˈeɪ b ə l d
ENABLED(2), ɛ n ˈeɪ b ə l d
ENCODING(1), ɪ n k ˈəʊ d ɪ ŋ
ENCODING(2), ɛ n k ˈəʊ d ɪ ŋ
ENCOUNTER, ɪ n k ˈaʊ n t ə
ENCRYPTION, ɛ n k ɹ ˈɪ p ʃ ə n
ENCYCLOPEDIA(1), ɛ n s ˌaɪ k l əʊ p ˈiː d ɪə
ENCYCLOPEDIA(2), ɛ n s ˌaɪ k l ə p ˈiː d ɪə
ENCYCLOPEDIA(3), ɪ n s ˌaɪ k l əʊ p ˈiː d ɪə
ENCYCLOPEDIA(4), ɪ n s ˌaɪ k l ə p ˈiː d ɪə
ENFORCEMENT, ɪ n f ˈɔː s m ə n t
ENGAGEMENT, ɪ n g ˈeɪ dʒ m ə n t
ENHANCE(1), ɪ n h ˈɑː n s
ENHANCE(2), ɛ n h ˈɑː n s
ENHANCED(1), ɪ n h ˈɑː n s t
ENHANCED(2), ɛ n h ˈɑː n s t
ENHANCEMENT(1), ɪ n h ˈɑː n s m ə n t
ENHANCEMENT(2), ɛ n h ˈɑː n s m ə n t
ENLARGE(1), ɪ n l ˈɑː dʒ
ENLARGE(2), ɛ n l ˈɑː dʒ
ENLARGEMENT(1), ɪ n l ˈɑː dʒ m ə n t
ENLARGEMENT(2), ɛ n l ˈɑː dʒ m ə n t
ENROLLED, ɛ n ɹ ˈəʊ l d
ENROLLMENT, ɛ n ɹ ˈəʊ l m ə n t
ENTITIES, ˈɛ n t ɪ t iː z
ENTITY, ˈɛ n t ɪ t iː
EPISODE, ˈɛ p ɪ s ˌəʊ d
EPISODES, ˈɛ p ɪ s ˌəʊ d z
EQUALITY, ɪ k w ˈɒ l ɪ t iː
EQUATIONS, ɪ k w ˈeɪ ʒ ə n z
ERICSSON, ˈɛ ɹ ɪ k s ə n
EROTIC, ɪ ɹ ˈɒ t ɪ k
ESCORT(1), ˈɛ s k ˌɔː t
ESCORT(2), ɪ s k ˈɔː t
ESCORTS(1), ˈɛ s k ɔː t s
ESCORTS(2), ɪ s k ˈɔː t s
ESSENTIALS, ɪ s ˈɛ n ʃ ə l z
ESTONIA, ɛ s t ˈəʊ n ɪə
ETERNAL, ɪ t ˈɜː n ə l
ETHERNET, ˈiː θ ə n ˌɛ t
ETHICAL, ˈɛ θ ɪ k ə l
ETHIOPIA, ˌiː θ iː ˈəʊ p ɪə
EUGENE(1), juː dʒ ˈiː n
EUGENE(2), ˈjuː dʒ iː n
EURO, ˈjʊə ɹ əʊ
EVALUATE, ɪ v ˈæ l jʊ ˌeɪ t
EVALUATED, ɪ v ˈæ l jʊ ˌeɪ t ɪ d
EVALUATING, ɪ v ˈæ l jʊ ˌeɪ t ɪ ŋ
EVIL, ˈiː v ə l
EXCEED, ɪ k s ˈiː d
EXCELLENCE, ˈɛ k s ə l ə n s
EXCERPT(1), ˈɛ k s ɜː p t
EXCERPT(2), ɛ k s ˈɜː p t
EXCLUDE, ɪ k s k l ˈuː d
EXCLUDING, ɪ k s k l ˈuː d ɪ ŋ
EXECUTE, ˈɛ k s ɪ k ˌjuː t
EXECUTED, ˈɛ k s ɪ k ˌjuː t ɪ d
EXECUTIVES, ɪ g z ˈɛ k jʊ t ɪ v z
EXERCISES, ˈɛ k s ə s ˌaɪ z ɪ z
EXHAUST, ɪ g z ˈɔː s t
EXHIBITIONS, ˌɛ k s ɪ b ˈɪ ʃ ə n z
EXHIBITS, ɪ g z ˈɪ b ɪ t s
EXOTIC, ɪ g z ˈɒ t ɪ k
EXPANDED, ɪ k s p ˈæ n d ɪ d
EXPANDING, ɪ k s p ˈæ n d ɪ ŋ
EXPENDITURES, ɪ k s p ˈɛ n d ɪ tʃ ə z
EXPLORER, ɪ k s p l ˈɔː ɹ ə
EXPLORING, ɪ k s p l ˈɔː ɹ ɪ ŋ
EXPO, ˈɛ k s p əʊ
EXPOSED, ɪ k s p ˈəʊ z d
EXPRESSIONS, ɪ k s p ɹ ˈɛ ʃ ə n z
EXTENSIONS, ɪ k s t ˈɛ n ʃ ə n z
EXTERIOR, ɪ k s t ˈɪə ɹ ɪə
EXTRACT(1), ˈɛ k s t ɹ ˌæ k t
EXTRACT(2), ɪ k s t ɹ ˈæ k t
EXTRAS, ˈɛ k s t ɹ ə z
FACIAL, f ˈeɪ ʃ ə l
FACILITATE, f ə s ˈɪ l ɪ t ˌeɪ t
FACULTY, f ˈæ k ə l t iː
FANTASY, f ˈæ n t ə s iː
FARMING, f ˈɑː m ɪ ŋ
FASTEST, f ˈæ s t ə s t
FAVOR, f ˈeɪ v ə
FAVORITE(1), f ˈeɪ v ɹ ɪ t
FAVORITE(2), f ˈeɪ v ə ɹ ɪ t
FAVORITES(1), f ˈeɪ v ɹ ɪ t s
FAVORITES(2), f ˈeɪ v ə ɹ ɪ t s
FEATURED, f ˈiː tʃ ə d
FEATURING, f ˈiː tʃ ə ɹ ɪ ŋ
FEEDBACK, f ˈiː d b ˌæ k
FEEDS, f ˈiː d z
FELLOWSHIP, f ˈɛ l əʊ ʃ ˌɪ p
FESTIVALS, f ˈɛ s t ɪ v ə l z
FEVER, f ˈiː v ə
FIBER, f ˈaɪ b ə
FIGHTERS, f ˈaɪ t ə z
FIJI, f ˈiː dʒ iː
FILTERING, f ˈɪ l t ə ɹ ɪ ŋ
FILTERS, f ˈɪ l t ə z
FINANCING(1), f ˈaɪ n ˌæ n s ɪ ŋ
FINANCING(2), f ɪ n ˈæ n s ɪ ŋ
FINDER, f ˈaɪ n d ə
FINGERING, f ˈɪ ŋ g ə ɹ ɪ ŋ
FINLAND, f ˈɪ n l ə n d
FIRED, f ˈaɪ ə d
FIREWALL, f ˈaɪ w ˌɔː l
FISCAL, f ˈɪ s k ə l
FISHER, f ˈɪ ʃ ə
FISHERIES, f ˈɪ ʃ ə ɹ iː z
FIXTURES, f ˈɪ k s tʃ ə z
FLAG, f l ˈæ g
FLAGS, f l ˈæ g z
FLASH, f l ˈæ ʃ
FLOOD, f l ˈɐ d
FLOORING, f l ˈɔː ɹ ɪ ŋ
FLORAL, f l ˈɔː ɹ ə l
FLORENCE, f l ˈɒ ɹ ə n s
FLORIDA, f l ˈɒ ɹ ɪ d ə
FLORIST, f l ˈɒ ɹ ɪ s t
FLORISTS, f l ˈɒ ɹ ɪ s t s
FLOWS, f l ˈəʊ z
FLOYD, f l ˈɔɪ d
FLUID, f l ˈuː ɪ d
FOCUSED, f ˈəʊ k ə s t
FOCUSES, f ˈəʊ k ə s ɪ z
FOCUSING, f ˈəʊ k ə s ɪ ŋ
FOLD, f ˈəʊ l d
FOLDERS, f ˈəʊ l d ə z
FOLDING, f ˈəʊ l d ɪ ŋ
FONT, f ˈɒ n t
FONTS, f ˈɒ n t s
FOO, f ˈuː
FOOTWEAR, f ˈʊ t w ˌɛə
FORECASTS, f ˈɔː k ˌɑː s t s
FORESTRY, f ˈɒ ɹ ɪ s t ɹ iː
FORMATS, f ˈɔː m ˌæ t s
FORT, f ˈɔː t
FORTH, f ˈɔː θ
FORUM, f ˈɔː ɹ ə m
FORUMS, f ˈɔː ɹ ə m z
FOSTER, f ˈɒ s t ə
FOUNDATIONS, f aʊ n d ˈeɪ ʃ ə n z
FOUNDED, f ˈaʊ n d ɪ d
FOUNDER, f ˈaʊ n d ə
FOUNTAIN, f ˈaʊ n t ə n
FOX, f ˈɒ k s
FRAGRANCE, f ɹ ˈeɪ g ɹ ə n s
FRAMED, f ɹ ˈeɪ m d
FRAMES, f ɹ ˈeɪ m z
FRANCHISE, f ɹ ˈæ n tʃ ˌaɪ z
FRANCISCO, f ɹ æ n s ˈɪ s k əʊ
FRANKLIN, f ɹ ˈæ ŋ k l ɪ n
FRAUD, f ɹ ˈɔː d
FREDERICK(1), f ɹ ˈɛ d ɹ ɪ k
FREDERICK(2), f ɹ ˈɛ d ə ɹ ɪ k
FREEWARE, f ɹ ˈiː w ˌɛə
FREIGHT, f ɹ ˈeɪ t
FRUITS, f ɹ ˈuː t s
FUJITSU, f uː dʒ ˈɪ t s uː
FUNCTIONALITY, f ˌɐ ŋ k ʃ ə n ˈæ l ɪ t iː
FUNDED, f ˈɐ n d ɪ d
FURNISHED, f ˈɜː n ɪ ʃ t
FURNISHINGS, f ˈɜː n ɪ ʃ ɪ ŋ z
FUSION, f ˈjuː ʒ ə n
FUTURES, f ˈjuː tʃ ə z
GADGETS, g ˈæ dʒ ɪ t s
GALAXY, g ˈæ l ə k s iː
GALLERIES, g ˈæ l ə ɹ iː z
GAMBLING, g ˈæ m b l ɪ ŋ
GAMMA, g ˈæ m ə
GATHER, g ˈæ ð ə
GATHERED, g ˈæ ð ə d
GATHERING, g ˈæ ð ə ɹ ɪ ŋ
GEEK, g ˈiː k
GENEALOGY, dʒ ˌiː n ɪ ˈɒ l ə dʒ iː
GENERATED, dʒ ˈɛ n ə ɹ ˌeɪ t ɪ d
GENERATING, dʒ ˈɛ n ə ɹ ˌeɪ t ɪ ŋ
GENERATOR, dʒ ˈɛ n ə ɹ ˌeɪ t ə
GENERIC, dʒ ə n ˈɛ ɹ ɪ k
GENESIS, dʒ ˈɛ n ɪ s ɪ s
GENETICS, dʒ ə n ˈɛ t ɪ k s
GENEVA, dʒ ɪ n ˈiː v ə
GENOME, dʒ ˈiː n ˌəʊ m
GENRE, ʒ ˈɒ n ɹ ə
GENRES, ʒ ˈɒ n ɹ ə z
GEOGRAPHIC, dʒ ɪə g ɹ ˈæ f ɪ k
GEOMETRY, dʒ ɪ ˈɒ m ə t ɹ iː
GHANA, g ˈɑː n ə
GIANT, dʒ ˈaɪ ə n t
GIBSON, g ˈɪ b s ə n
GLOBE, g l ˈəʊ b
GLOSSARY, g l ˈɒ s ə ɹ iː
GNOME, n ˈəʊ m
GNU(1), n ˈjuː
GNU(2), g ə n ˈuː
GODS, g ˈɒ d z
GONNA, g ˈɒ n ə
GOOGLE, g ˈuː g ə l
GOSPEL, g ˈɒ s p ə l
GOTO, g ˈəʊ t uː
GOTTEN, g ˈɒ t ə n
GOURMET, g ˈʊə m ˌeɪ
GOVERNANCE, g ˈɐ v ə n ə n s
GOVERNING, g ˈɐ v ə n ɪ ŋ
GOVERNMENTAL(1), g ˌɐ v ə n m ˈɛ n t ə l
GOVERNMENTAL(2), g ˌɐ v ə m ˌɛ n t ə l
GRADES, g ɹ ˈeɪ d z
GRADUATE(1), g ɹ ˈæ d jʊə ˌeɪ t
GRADUATE(2), g ɹ ˈæ d jʊə t
GRADUATES(1), g ɹ ˈæ d jʊə ˌeɪ t s
GRADUATES(2), g ɹ ˈæ d jʊə t s
GRADUATION, g ɹ ˌæ d jʊ ˈeɪ ʃ ə n
GRANDE(1), g ɹ ˈæ n d ɪ
GRANDE(2), g ɹ ˈæ n d
GRAPH, g ɹ ˈɑː f
GRAPHIC, g ɹ ˈæ f ɪ k
GRAS, g ɹ ˈɑː
GRATIS, g ɹ ˈæ t ɪ s
GRAVE, g ɹ ˈeɪ v
GRAY, g ɹ ˈeɪ
GREETING, g ɹ ˈiː t ɪ ŋ
GREETINGS, g ɹ ˈiː t ɪ ŋ z
GREGORY, g ɹ ˈɛ g ə ɹ iː
GRID, g ɹ ˈɪ d
GROCERY, g ɹ ˈəʊ s ə ɹ iː
GROVE, g ɹ ˈəʊ v
GUAM, g w ˈɑː m
GUARANTEED, g ˌæ ɹ ə n t ˈiː d
GUATEMALA, g w ˌɑː t ə m ˈɑː l ə
GUINEA, g ˈɪ n iː
GUITARS, g ɪ t ˈɑː z
HABITAT, h ˈæ b ɪ t ˌæ t
HACKER, h ˈæ k ə
HAITI, h ˈeɪ t iː
HALLOWEEN, h ˌæ l ə w ˈiː n
HAMPSHIRE(1), h ˈæ m p ʃ ɪ ə
HAMPSHIRE(2), h ˈæ m p ʃ ə
HAMPTON, h ˈæ m p t ə n
HANDBOOK, h ˈæ n d b ˌʊ k
HANDHELD, h ˈæ n d h ˌɛ l d
HANDLED, h ˈæ n d ə l d
HANDLES, h ˈæ n d ə l z
HANDLING, h ˈæ n d l ɪ ŋ
HARBOR, h ˈɑː b ə
HARBOUR, h ˈɑː b ə
HARDCORE, h ˈɑː d k ˌɔː
HARDCOVER, h ˈɑː d k ˌɐ v ə
HARMONY, h ˈɑː m ə n iː
HARRISON, h ˈæ ɹ ɪ s ə n
HART, h ˈɑː t
HARVARD, h ˈɑː v ə d
HARVEST, h ˈɑː v ə s t
HARVEY, h ˈɑː v iː
HAVEN, h ˈeɪ v ə n
HAWAII, h ə w ˈaɪ ˌiː
HAZARD, h ˈæ z ə d
HAZARDOUS, h ˈæ z ə d ə s
HEADER, h ˈɛ d ə
HEADERS, h ˈɛ d ə z
HEALING, h ˈiː l ɪ ŋ
HEALTHCARE, h ˈɛ l θ k ˌɛə
HEATHER, h ˈɛ ð ə
HEBREW, h ˈiː b ɹ uː
HENDERSON, h ˈɛ n d ə s ə n
HERALD, h ˈɛ ɹ ə l d
HERBAL, h ˈɜː b ə l
HEREBY, h ˌɪə b ˈaɪ
HEREIN, h ˌɪə ɹ ˈɪ n
HERITAGE, h ˈɛ ɹ ɪ t ɪ dʒ
HEROES, h ˈɪə ɹ əʊ z
HEWLETT, h ˈjuː l ɪ t
HILTON, h ˈɪ l t ə n
HIRING, h ˈaɪ ɹ ɪ ŋ
HISPANIC, h ɪ s p ˈæ n ɪ k
HOBBIES, h ˈɒ b iː z
HOBBY, h ˈɒ b iː
HOLDERS, h ˈəʊ l d ə z
HOLDINGS, h ˈəʊ l d ɪ ŋ z
HOLMES, h ˈəʊ m z
HOMELAND, h ˈəʊ m l ˌæ n d
HONDA, h ˈɒ n d ə
HONOLULU, h ˌɒ n ə l ˈuː l uː
HONOR, ˈɒ n ə
HONORS, ˈɒ n ə z
HOP, h ˈɒ p
HORIZON, h ə ɹ ˈaɪ z ə n
HORIZONTAL, h ˌɒ ɹ ɪ z ˈɒ n t ə l
HORMONE, h ˈɔː m ˌəʊ n
HORN, h ˈɔː n
HORNY, h ˈɔː n iː
HOSPITALITY, h ˌɒ s p ɪ t ˈæ l ɪ t iː
HOSTED, h ˈəʊ s t ɪ d
HOSTING, h ˈəʊ s t ɪ ŋ
HOSTS, h ˈəʊ s t s
HOTTEST, h ˈɒ t ə s t
HOURLY, ˈaʊ ə l iː
HOUSEWARES, h ˈaʊ s w ˌɛə z
HOUSTON, h ˈjuː s t ə n
HUB, h ˈɐ b
HUDSON, h ˈɐ d s ə n
HUMANITIES, juː m ˈæ n ɪ t iː z
HUMANITY, h juː m ˈæ n ɪ t iː
HUMIDITY, h juː m ˈɪ d ɪ t iː
HUMOR, h ˈjuː m ə
HUNGARIAN, h ɐ ŋ g ˈɛə ɹ ɪə n
HUNT, h ˈɐ n t
HUNTER, h ˈɐ n t ə
HUNTING, h ˈɐ n t ɪ ŋ
HURRICANE(1), h ˈɐ ɹ ɪ k ˌeɪ n
HURRICANE(2), h ˈɐ ɹ ɪ k ə n
HYBRID, h ˈaɪ b ɹ ɪ d
HYDROGEN, h ˈaɪ d ɹ ə dʒ ə n
ICELAND, ˈaɪ s l ə n d
ICON, ˈaɪ k ˌɒ n
ICONS, ˈaɪ k ˌɒ n z
IDAHO, ˈaɪ d ə h ˌəʊ
IDENTIFIER, aɪ d ˈɛ n t ɪ f ˌaɪ ə
IDENTIFYING, aɪ d ˈɛ n t ɪ f ˌaɪ ɪ ŋ
ILLINOIS, ˌɪ l ɪ n ˈɔɪ
ILLUSTRATION, ˌɪ l ə s t ɹ ˈeɪ ʃ ə n
ILLUSTRATIONS, ˌɪ l ə s t ɹ ˈeɪ ʃ ə n z
IMMIGRATION, ˌɪ m ɪ g ɹ ˈeɪ ʃ ə n
IMMUNE, ɪ m ˈjuː n
IMPACTS(1), ˈɪ m p æ k t s
IMPACTS(2), ɪ m p ˈæ k t s
IMPLEMENT(1), ˈɪ m p l ɪ m ˌɛ n t
IMPLEMENT(2), ˈɪ m p l ɪ m ə n t
IMPLEMENTED, ˈɪ m p l ɪ m ˌɛ n t ɪ d
IMPLEMENTING, ˈɪ m p l ɪ m ˌɛ n t ɪ ŋ
IMPORT(1), ˈɪ m p ˌɔː t
IMPORT(2), ɪ m p ˈɔː t
IMPORTED, ɪ m p ˈɔː t ɪ d
IMPORTS(1), ˈɪ m p ˌɔː t s
IMPORTS(2), ɪ m p ˈɔː t s
IMPOSED, ɪ m p ˈəʊ z d
INAPPROPRIATE, ˌɪ n ə p ɹ ˈəʊ p ɹ ɪə t
INCENTIVE, ɪ n s ˈɛ n t ɪ v
INCENTIVES, ɪ n s ˈɛ n t ɪ v z
INCLUSION, ɪ n k l ˈuː ʒ ə n
INCLUSIVE, ɪ n k l ˈuː s ɪ v
INCOMING, ˈɪ n k ˌɐ m ɪ ŋ
INCOMPLETE, ɪ n k ə m p l ˈiː t
INCORPORATE, ɪ n k ˈɔː p ə ɹ ˌeɪ t
INCORRECT, ɪ n k ə ɹ ˈɛ k t
INDEPENDENTLY, ˌɪ n d ɪ p ˈɛ n d ə n t l iː
INDIANA, ˌɪ n d ɪ ˈæ n ə
INDIANAPOLIS, ˌɪ n d ɪə n ˈæ p ə l ɪ s
INDICATING, ˈɪ n d ɪ k ˌeɪ t ɪ ŋ
INDICATOR, ˈɪ n d ɪ k ˌeɪ t ə
INDICATORS, ˈɪ n d ɪ k ˌeɪ t ə z
INDIE, ˈɪ n d iː
INDIGENOUS, ɪ n d ˈɪ dʒ ə n ə s
INDIVIDUALLY, ˌɪ n d ɪ v ˈɪ d jʊə l iː
INDONESIA, ˌɪ n d ə n ˈiː ʒ ə
INDOOR, ˈɪ n d ˌɔː
INDUCED, ɪ n d ˈjuː s t
INFECTIONS, ɪ n f ˈɛ k ʃ ə n z
INFO, ˈɪ n f əʊ
INFORM, ɪ n f ˈɔː m
INFORMATIONAL, ˌɪ n f ə m ˈeɪ ʃ ə n ə l
INFORMED, ɪ n f ˈɔː m d
INFRARED, ˌɪ n f ɹ ə ɹ ˈɛ d
INFRASTRUCTURE, ˌɪ n f ɹ ə s t ɹ ˈɐ k tʃ ə
INGREDIENTS, ɪ n g ɹ ˈiː d ɪə n t s
INHERITED, ɪ n h ˈɛ ɹ ɪ t ɪ d
INITIATED, ɪ n ˈɪ ʃ ɪ ˌeɪ t ɪ d
INJURED, ˈɪ n dʒ ə d
INNOVATIVE(1), ˈɪ n ə v ə t ɪ v
INNOVATIVE(2), ˈɪ n ə v ˌeɪ t ɪ v
INPUTS, ˈɪ n p ˌʊ t s
INQUIRIES, ɪ n k w ˈaɪ ə ɹ iː z
INSERT(1), ɪ n s ˈɜː t
INSERT(2), ˈɪ n s ˌɜː t
INSIDER, ɪ n s ˈaɪ d ə
INSPECTOR, ɪ n s p ˈɛ k t ə
INSPIRATION, ˌɪ n s p ə ɹ ˈeɪ ʃ ə n
INSPIRED, ɪ n s p ˈaɪ ə d
INSTALL, ɪ n s t ˈɔː l
INSTALLATION, ˌɪ n s t ə l ˈeɪ ʃ ə n
INSTALLED, ɪ n s t ˈɔː l d
INSTALLING, ɪ n s t ˈɔː l ɪ ŋ
INSTANT, ˈɪ n s t ə n t
INSTRUCTIONAL, ɪ n s t ɹ ˈɐ k ʃ ə n ə l
INSTRUCTOR, ɪ n s t ɹ ˈɐ k t ə
INTAKE, ˈɪ n t ˌeɪ k
INTEGER, ˈɪ n t ɪ dʒ ə
INTEGRAL(1), ˈɪ n t ɪ g ɹ ə l
INTEGRAL(2), ɪ n t ˈɛ g ɹ ə l
INTEGRATE, ˈɪ n t ɪ g ɹ ˌeɪ t
INTEGRATED, ˈɪ n t ɪ g ɹ ˌeɪ t ɪ d
INTEGRITY, ɪ n t ˈɛ g ɹ ɪ t iː
INTEL, ˈɪ n t ɛ l
INTENT, ɪ n t ˈɛ n t
INTER, ɪ n t ˈɜː
INTERACT, ˌɪ n t ə ɹ ˈæ k t
INTERACTIONS, ˌɪ n t əɹ ˈæ k ʃ ə n z
INTERACTIVE, ˌɪ n t ə ɹ ˈæ k t ɪ v
INTERFACE, ˈɪ n t ə f ˌeɪ s
INTERFACES, ˈɪ n t ə f ˌeɪ s ɪ z
INTERIM, ˈɪ n t ə ɹ ɪ m
INTERIOR, ɪ n t ˈɪə ɹ ɪə
INTERMEDIATE, ˌɪ n t ə m ˈiː d ɪə t
INTERNET, ˈɪ n t ə n ˌɛ t
INTERRACIAL, ˌɪ n t ə ɹ ˈeɪ ʃ ə l
INTERVAL, ˈɪ n t ə v ə l
INTRO, ˈɪ n t ɹ əʊ
INVALID(1), ɪ n v ˈæ l ɪ d
INVALID(2), ˈɪ n v ə l ɪ d
INVENTION, ɪ n v ˈɛ n ʃ ə n
INVENTORY, ˈɪ n v ə n t ə ɹ iː
INVESTMENTS, ɪ n v ˈɛ s t m ə n t s
INVESTOR, ɪ n v ˈɛ s t ə
INVOICE, ˈɪ n v ˌɔɪ s
ION(1), ˈaɪ ə n
ION(2), ˈaɪ ˌɒ n
IOWA, ˈaɪ əʊ ə
IPOD, ˈaɪ p ˌɒ d
IRAQI, ɪ ɹ ˈɑː k iː
ISLAM(1), ˈɪ z l ˌɑː m
ISLAM(2), ɪ s l ˈɑː m
ISLAMIC, ɪ z l ˈæ m ɪ k
ISRAELI, ɪ z ɹ ˈeɪ l iː
ITUNES, ˈaɪ t ˌjuː n z
IVORY(1), ˈaɪ v ə ɹ iː
IVORY(2), ˈaɪ v ɹ iː
JACKSONVILLE, dʒ ˈæ k s ə n v ˌɪ l
JACOB, dʒ ˈeɪ k ə b
JAMAICA, dʒ ə m ˈeɪ k ə
JAVA, dʒ ˈɑː v ə
JAVASCRIPT, dʒ ˈɑː v ə s k ɹ ˌɪ p t
JEEP, dʒ ˈiː p
JEFFERSON, dʒ ˈɛ f ə s ə n
JEFFREY, dʒ ˈɛ f ɹ iː
JEREMY, dʒ ˈɛ ɹ ə m iː
JERRY, dʒ ˈɛ ɹ iː
JERUSALEM, dʒ ə ɹ ˈuː s ə l ə m
JEWELRY(1), dʒ ˈuː ə l ɹ iː
JEWELRY(2), dʒ ˈuː l ɹ iː
JOEL, dʒ ˈəʊ ə l
JOSE, h ˌəʊ z ˈeɪ
JOSHUA, dʒ ˈɒ ʃ ʊə
JOURNALISM, dʒ ˈɜː n ə l ˌɪ z ə m
JOURNALS, dʒ ˈɜː n ə l z
JUAN, h w ˈɑː n
JUSTIN, dʒ ˈɐ s t ɪ n
JUVENILE, dʒ ˈuː v ə n ˌaɪ l
KANSAS, k ˈæ n z ə s
KARAOKE, k ˌæ ɹ ɪ ˈəʊ k iː
KARL, k ˈɑː l
KATRINA, k ə t ɹ ˈiː n ə
KENNEDY, k ˈɛ n ɪ d iː
KENTUCKY, k ɛ n t ˈɐ k iː
KERNEL, k ˈɜː n ə l
KEYBOARDS, k ˈiː b ˌɔː d z
KEYWORD, k ˈiː w ˌɜː d
KEYWORDS, k ˈiː w ˌɜː d z
KODAK, k ˈəʊ d ˌæ k
KOREAN, k ə ɹ ˈiː ə n
LAB, l ˈæ b
LABOR, l ˈeɪ b ə
LABORATORIES, l ə bˈɒ ɹ ə t ə ɹ iː z
LABS, l ˈæ b z
LAMBDA, l ˈæ m d ə
LAMPS, l ˈæ m p s
LAN, l ˈæ n
SRI-LANKA, s ɹ ˌiː l ˈæ ŋ k ə
LAPTOP, l ˈæ p t ˌɒ p
LAPTOPS, l ˈæ p t ˌɒ p s
LARRY, l ˈæ ɹ iː
LATINA, l æ t ˈiː n ə
LATINO, l æ t ˈiː n əʊ
LATITUDE, l ˈæ t ɪ t ˌjuː d
LATVIA, l ˈæ t v ɪə
LAUNCHES, l ˈɔː n tʃ ɪ z
LAUNDRY, l ˈɒ n d ɹ iː
LAUREN, l ˈɔː ɹ ə n
LAYOUT, l ˈeɪ ˌaʊ t
LEASING, l ˈiː s ɪ ŋ
LEBANON, l ˈɛ b ə n ə n
LECTURES, l ˈɛ k tʃ ə z
LEGACY, l ˈɛ g ə s iː
LEGEND, l ˈɛ dʒ ə n d
LEGENDS, l ˈɛ dʒ ə n d z
LEGISLATURE, l ˈɛ dʒ ɪ s l ˌeɪ tʃ ə
LENDER, l ˈɛ n d ə
LENDERS, l ˈɛ n d ə z
LEO, l ˈiː əʊ
LEONARD, l ˈɛ n ə d
LESBIAN, l ˈɛ z b ɪə n
LESBIANS, l ˈɛ z b ɪə n z
LIABILITIES, l ˌaɪ ə b ˈɪ l ɪ t iː z
LIBERTY, l ˈɪ b ə t iː
LICENSE, l ˈaɪ s ə n s
LICENSED, l ˈaɪ s ə n s t
LICENSES, l ˈaɪ s ə n s ɪ z
LICENSING, l ˈaɪ s ə n s ɪ ŋ
LIMITATION, l ˌɪ m ɪ t ˈeɪ ʃ ə n
LIMOUSINES(1), l ˈɪ m ə z ˌiː n z
LIMOUSINES(2), l ˌɪ m ə z ˈiː n z
LINEAR, l ˈɪ n ɪə
LINGERIE, l ˈɒ n ʒ ə ɹ iː
LINUX(1), l ˈɪ n ə k s
LINUX(2), l ˈaɪ n ə k s
LION, l ˈaɪ ə n
LIONS, l ˈaɪ ə n z
LITERACY, l ˈɪ t ə ɹ ə s iː
LITHUANIA, l ˌɪ θ jʊ ˈeɪ n ɪə
LITIGATION, l ˌɪ t ɪ g ˈeɪ ʃ ə n
LOADED, l ˈəʊ d ɪ d
LOADING, l ˈəʊ d ɪ ŋ
LOCALE, l əʊ k ˈɑː l
LOCATE, l ˈəʊ k ˌeɪ t
LOCATOR, l ˈəʊ k ˌeɪ t ə
LODGE, l ˈɒ dʒ
LODGING, l ˈɒ dʒ ɪ ŋ
LOGGED, l ˈɒ g d
LOGGING, l ˈɒ g ɪ ŋ
LOGISTICS, l ə dʒ ˈɪ s t ɪ k s
LOGO, l ˈəʊ g əʊ
LOGOS, l ˈəʊ g ˌəʊ z
LOGS, l ˈɒ g z
LOL, l ˈɒ l
LOOKUP, l ˈʊ k ˌɐ p
LOOP, l ˈuː p
LOPEZ, l ˈəʊ p ɛ z
LOTTERY, l ˈɒ t ə ɹ iː
LOTUS, l ˈəʊ t ə s
LOUISIANA, l uː ˌiː z ɪ ˈæ n ə
LOUISVILLE, l ˈuː ɪ v ˌɪ l
LOVERS, l ˈɐ v ə z
LOVING, l ˈɐ v ɪ ŋ
LUGGAGE, l ˈɐ g ɪ dʒ
LUNG, l ˈɐ ŋ
LUXEMBOURG, l ˈɐ k s ə m b ˌɜː g
LUXURY, l ˈɐ k ʃ ə ɹ iː
LYRIC, l ˈɪ ɹ ɪ k
LYRICS, l ˈɪ ɹ ɪ k s
MAC, m ˈæ k
MACINTOSH, m ˈæ k ɪ n t ˌɒ ʃ
MACRO, m ˈæ k ɹ əʊ
MADISON, m ˈæ d ɪ s ə n
MADRID, m ə d ɹ ˈɪ d
MAG, m ˈæ g
MAINLAND, m ˈeɪ n l ə n d
MAINSTREAM, m ˈeɪ n s t ɹ ˌiː m
MAKER, m ˈeɪ k ə
MAKERS, m ˈeɪ k ə z
MALAYSIA, m ə l ˈeɪ ʒ ə
MALL, m ˈɔː l
MALTA, m ˈɔː l t ə
MANAGING, m ˈæ n ɪ dʒ ɪ ŋ
MANDATORY, m ˈæ n d ə t ə ɹ iː
MANGA, m ˈæ ŋ g ə
MANHATTAN, m æ n h ˈæ t ə n
MANITOBA, m ˌæ n ɪ t ˈəʊ b ə
MANOR, m ˈæ n ə
MANUAL, m ˈæ n jʊə l
MANUALS, m ˈæ n jʊə l z
MANUFACTURE, m ˌæ n jʊ f ˈæ k tʃ ə
MANUFACTURED, m ˌæ n jʊ f ˈæ k tʃ ə d
MANUFACTURING, m ˌæ n jʊ f ˈæ k tʃ ə ɹ ɪ ŋ
MAPLE, m ˈeɪ p ə l
MAPPING, m ˈæ p ɪ ŋ
MAPS, m ˈæ p s
MARC, m ˈɑː k
MARILYN, m ˈæ ɹ ɪ l ɪ n
MARINA, m ə ɹ ˈiː n ə
MARINE, m ə ɹ ˈiː n
MARIO, m ˈæ ɹ ɪ əʊ
MARITIME, m ˈæ ɹ ɪ t ˌaɪ m
MARKER, m ˈɑː k ə
MARKETPLACE, m ˈɑː k ɪ t p l ˌeɪ s
MARRIOTT, m ˈæ ɹ ɪ ə t
MARSHALL, m ˈɑː ʃ ə l
MARTHA, m ˈɑː θ ə
MARTIAL, m ˈɑː ʃ ə l
MARYLAND, m ˈæ ɹ ɪ l ə n d
MASK, m ˈɑː s k
MASON, m ˈeɪ s ə n
MASSAGE, m ə s ˈɑː ʒ
MASTERCARD, m ˈɑː s t ə k ˌɑː d
MASTURBATING, m ˈæ s t ə b ˌeɪ t ɪ ŋ
MATCHED, m ˈæ tʃ t
MATCHING, m ˈæ tʃ ɪ ŋ
MATERNITY, m ə t ˈɜː n ɪ t iː
MATH, m ˈɑː θ
MATHEMATICAL, m ˌæ θ ə m ˈæ t ɪ k ə l
MATRIX, m ˈeɪ t ɹ ɪ k s
MAYOR, m ˈɛə
MAZDA, m ˈæ z d ə
MCDONALD, m ə k d ˈɒ n ə l d
MEASUREMENTS, m ˈɛ ʒ ə m ə n t s
MEASURING, m ˈɛ ʒ ə ɹ ɪ ŋ
MECHANICS, m ə k ˈæ n ɪ k s
MEDAL, m ˈɛ d ə l
MEDIAN, m ˈiː d ɪə n
MEDICAID, m ˈɛ d ɪ k ˌeɪ d
MEDICARE, m ˈɛ d ɪ k ˌɛə
MEDICATION, m ˌɛ d ɪ k ˈeɪ ʃ ə n
MEDICATIONS, m ˌɛ d ɪ k ˈeɪ ʃ ə n z
MEETS, m ˈiː t s
MELBOURNE, m ˈɛ l b ə n
MEMBRANE, m ˈɛ m b ɹ ˌeɪ n
MEMORABILIA, m ˌɛ m ə ɹ ə b ˈiː l ɪə
MEMORIAL, m ə m ˈɒ ɹ ɪə l
MENUS, m ˈɛ n juː z
MERCEDES, m ə s ˈeɪ d iː z
MERCHANDISE, m ˈɜː tʃ ə n d ˌaɪ z
MERCHANTS, m ˈɜː tʃ ə n t s
MESSENGER, m ˈɛ s ɪ n dʒ ə
META, m ˈɛ t ə
METABOLISM, m ɪ t ˈæ b ə l ˌɪ z ə m
METALS, m ˈɛ t ə l z
METERS, m ˈiː t ə z
METHODOLOGY, m ˌɛ θ ə d ˈɒ l ə dʒ iː
METRIC, m ˈɛ t ɹ ɪ k
METROPOLITAN, m ˌɛ t ɹ ə p ˈɒ l ɪ t ə n
MEXICAN, m ˈɛ k s ɪ k ə n
MIAMI, m aɪ ˈæ m iː
MICHIGAN, m ˈɪ ʃ ɪ g ə n
MICRO, m ˈaɪ k ɹ ˌəʊ
MIDI, m ˈiː d iː
MIGHTY, m ˈaɪ t iː
MIGRATION, m aɪ g ɹ ˈeɪ ʃ ə n
MILAN, m ɪ l ˈæ n
MILLENNIUM, m ɪ l ˈɛ n ɪə m
MILTON, m ˈɪ l t ə n
MILWAUKEE, m ɪ l w ˈɔː k iː
MINERAL, m ˈɪ n ə ɹ ə l
MINERALS, m ˈɪ n ə ɹ ə l z
MINIMAL, m ˈɪ n ɪ m ə l
MINIMIZE, m ˈɪ n ɪ m ˌaɪ z
MINNEAPOLIS, m ˌɪ n ɪ ˈæ p ə l ɪ s
MINNESOTA, m ˌɪ n ɪ s ˈəʊ t ə
MISCELLANEOUS, m ˌɪ s ə l ˈeɪ n ɪə s
MISSIONS, m ˈɪ ʃ ə n z
MISSISSIPPI, m ˌɪ s ɪ s ˈɪ p iː
MISSOURI, m ɪ z ˈʊə ɹ iː
MISTRESS, m ˈɪ s t ɹ ə s
MITCHELL, m ˈɪ tʃ ə l
MITSUBISHI, m ˌɪ t s ˌuː b ˈiː ʃ iː
MOBILES, m ˈəʊ b aɪ l z
MOBILITY, m əʊ b ˈɪ l ɪ t iː
MOD, m ˈɒ d
MODELING, m ˈɒ d ə l ɪ ŋ
MODEM, m ˈəʊ d ə m
MODERATE(1), m ˈɒ d ə ɹ ˌeɪ t
MODERATE(2), m ˈɒ d ə ɹ ə t
MODES, m ˈəʊ d z
MODIFICATION, m ˌɒ d ɪ f ɪ k ˈeɪ ʃ ə n
MODIFICATIONS, m ˌɒ d ɪ f ɪ k ˈeɪ ʃ ə n z
MODIFIED, m ˈɒ d ɪ f ˌaɪ d
MODIFY, m ˈɒ d ɪ f ˌaɪ
MOISTURE, m ˈɔɪ s tʃ ə
MOLECULAR, m ə l ˈɛ k jʊ l ə
MOM, m ˈɒ m
MOMS, m ˈɒ m z
MONACO, m ˈɒ n ə k ˌəʊ
MONICA, m ˈɒ n ɪ k ə
MONITOR, m ˈɒ n ɪ t ə
MONITORING, m ˈɒ n ɪ t ə ɹ ɪ ŋ
MONITORS, m ˈɒ n ɪ t ə z
MONO, m ˈəʊ n əʊ
MONROE, m ə n ɹ ˈəʊ
MONTANA, m ɒ n t ˈæ n ə
MONTGOMERY, m ə n t g ˈɐ m ə ɹ iː
MONTHLY, m ˈɐ n θ l iː
MONTREAL, m ˌɒ n t ɹ ɪ ˈɔː l
MOROCCO, m ə ɹ ˈɒ k əʊ
MORTGAGES, m ˈɔː g ɪ dʒ ɪ z
MOTEL, m əʊ t ˈɛ l
MOTELS, m əʊ t ˈɛ l z
MOTORCYCLE, m ˈəʊ t ə s ˌaɪ k ə l
MOTOROLA, m ˌəʊ t ə ɹ ˈəʊ l ə
MOTORS, m ˈəʊ t ə z
MOUNTED, m ˈaʊ n t ɪ d
MOUNTING, m ˈaʊ n t ɪ ŋ
MOZAMBIQUE(1), m ˌəʊ z ə m b ˈiː k
MOZAMBIQUE(2), m ˌəʊ z ˈæ m b ˈiː k
MULTIMEDIA, m ˌɐ l t ɪ m ˈiː d ɪə
MUNICIPAL, m juː n ˈɪ s ɪ p ə l
MURPHY, m ˈɜː f iː
MURRAY, m ˈɐ ɹ iː
MUSEUMS, m juː z ˈɪə m z
MUSICIANS, m juː z ˈɪ ʃ ə n z
MUSLIM, m ˈɐ z l ɪ m
MYERS, m ˈaɪ ə z
NAMIBIA, n ə m ˈɪ b ɪə
NANCY, n ˈæ n s iː
NASA, n ˈæ s ə
NASCAR, n ˈæ s k ˌɑː
NASDAQ, n ˈæ z d æ k
NASHVILLE, n ˈæ ʃ v ɪ l
NATIONWIDE, n ˈeɪ ʃ ə n w ˈaɪ d
NAVIGATE, n ˈæ v ɪ g ˌeɪ t
NAVIGATION, n ˌæ v ɪ g ˈeɪ ʃ ə n
NEBRASKA, n ə b ɹ ˈæ  s k ə
NECKLACE, n ˈɛ k l ə s
NEIGHBORHOOD, n ˈeɪ b ə h ˌʊ d
NEIGHBORS, n ˈeɪ b ə z
NELSON, n ˈɛ l s ə n
NEO, n ˈiː əʊ
NEPAL, n ə p ˈɔː l
NETWORKING, n ˈɛ t w ˌɜː k ɪ ŋ
NEVADA, n ɪ v ˈɑː d ə
NEWBIE, n ˈjuː b ˌiː
NEWER, n ˈjuː ə
NEWEST, n ˈjuː ɪ s t
NEWPORT, n ˈjuː p ˌɔː t
NEWSLETTER, n ˈjuː z l ˌɛ t ə
NEWSLETTERS, n ˈjuː z l ˌɛ t ə z
NEWTON, n ˈjuː t ə n
NICOLE, n ˈɪ k ˈəʊ l
NIGERIA, n aɪ dʒ ˈɪə ɹ ɪə
NIKE, n ˈaɪ k iː
NIPPLE, n ˈɪ p ə l
NIPPLES, n ˈɪ p ə l z
NISSAN, n ˈiː s æ n
NOBLE, n ˈəʊ b ə l
NODE, n ˈəʊ d
NODES, n ˈəʊ d z
NOKIA, n ˈəʊ k ɪə
NONPROFIT, n ɒ n p ɹ ˈɒ f ɪ t
NOON, n ˈuː n
NORFOLK, n ˈɔː f ə k
NORTHEAST, n ˌɔː θ ˈiː s t
NORTHWEST, n ˌɔː θ w ˈɛ s t
NORTON, n ˈɔː t ə n
NOTEBOOK, n ˈəʊ t b ˌʊ k
NOTEBOOKS, n ˈəʊ t b ˌʊ k s
NOTICES, n ˈəʊ t ɪ s ɪ z
NOTIFICATION, n ˌəʊ t ɪ f ɪ k ˈeɪ ʃ ə n
NOTIFICATIONS, n ˌəʊ t ɪ f ɪ k ˈeɪ ʃ ə n z
NOTIFIED, n ˈəʊ t ɪ f ˌaɪ d
NOTIFY, n ˈəʊ t ɪ f ˌaɪ
NOVA, n ˈəʊ v ə
NOVELS, n ˈɒ v ə l z
NUDE, n ˈjuː d
NUKE, n ˈjuː k
NULL, n ˈɐ l
NUMERICAL, n juː m ˈɛ ɹ ɪ k ə l
NURSING, n ˈɜː s ɪ ŋ
NUTRITION, n juː t ɹ ˈɪ ʃ ə n
NYLON, n ˈaɪ l ˌɒ n
OAK, ˈəʊ k
OAKLAND, ˈəʊ k l ə n d
OASIS, əʊ ˈeɪ s ɪ s
OBITUARIES, əʊ b ˈɪ tʃ ʊə ɹ iː z
OBSERVE, ə b z ˈɜː v
OBSERVER, ə b z ˈɜː v ə
OBTAINING, ə b t ˈeɪ n ɪ ŋ
OCEAN, ˈəʊ ʃ ə n
OFFENSIVE, ə f ˈɛ n s ɪ v
OFFERINGS, ˈɒ f ə ɹ ɪ ŋ z
OFFLINE, ˈɒ f l ˌaɪ n
OFFSET(1), ˈɒ f s ˌɛ t
OFFSET(2), ˌɒ f s ˈɛ t
OFFSHORE, ˈɒ f ʃ ˌɔː
OHIO, əʊ h ˈaɪ əʊ
OILS, ˈɔɪ l z
OKLAHOMA, ˌəʊ k l ə h ˈəʊ m ə
OLIVE, ˈɒ l ɪ v
OLYMPIC, ə l ˈɪ m p ɪ k
OLYMPICS, ə l ˈɪ m p ɪ k s
OLYMPUS, ə l ˈɪ m p ə s
OMAHA, ˈəʊ m ə h ˌɑː
OMEGA, əʊ m ˈɪ g ə
ONGOING, ˈɒ n g ˌəʊ ɪ ŋ
ONTARIO, ɒ n t ˈɛə ɹ ɪ əʊ
OPERATED, ˈɒ p ə ɹ ˌeɪ t ɪ d
OPPOSED, ə p ˈəʊ z d
OPT, ˈɒ p t
OPTICAL, ˈɒ p t ɪ k ə l
OPTICS, ˈɒ p t ɪ k s
OPTIMAL, ˈɒ p t ɪ m ə l
OPTIMIZATION, ˌɒ p t ɪ m aɪ z ˈeɪ ʃ ə n
OPTIONAL, ˈɒ p ʃ ə n ə l
ORACLE, ˈɒ ɹ ə k ə l
ORDERING, ˈɔː d ə ɹ ɪ ŋ
ORDINANCE, ˈɔː d ɪ n ə n s
OREGON, ˈɒ ɹ ɪ g ə n
ORGANISATIONS, ˌɔː g ə n aɪ z ˈeɪ ʃ ə n z
ORGANIZATIONAL, ˌɔː g ə n aɪ z ˈeɪ ʃ ə n ə l
ORGANIZE, ˈɔː g ə n ˌaɪ z
ORGY, ˈɔː dʒ iː
ORIENTAL(1), ˌɔː ɹ ɪ ˈɛ n t ə l
ORIENTAL(2), ˌɒ ɹ ɪ ˈɛ n t ə l
ORIENTATION(1), ˌɔː ɹ ɪ ɛ n t ˈeɪ ʃ ə n
ORIENTATION(2), ˌɒ ɹ ɪ ɛ n t ˈeɪ ʃ ə n
ORIENTED(1), ˈɔː ɹ ɪ ˌɛ n t ɪ d
ORIENTED(2), ˈɒ ɹ ɪ ˌɛ n t ɪ d
ORLANDO, ˌɔː l ˈæ n d əʊ
ORLEANS, ˈɔː l ɪə n z
OSCAR, ˈɒ s k ə
OTTAWA, ˈɒ t ə w ə
OUTCOMES, ˈaʊ t k ˌɐ m z
OUTDOOR, ˈaʊ t d ˌɔː
OUTDOORS, ˈaʊ t d ˈɔː z
OUTLET, ˈaʊ t l ˌɛ t
OUTLINE, ˈaʊ t l ˌaɪ n
OUTLOOK, ˈaʊ t l ˌʊ k
OUTREACH, ˈaʊ t ɹ ˌiː tʃ
OUTSOURCING, ˌaʊ t s ˈɔː s ɪ ŋ
OVAL, ˈəʊ v ə l
OVERHEAD(1), ˈəʊ v ə h ˌɛ d
OVERHEAD(2), ˌəʊ v ə h ˈɛ d
OVERVIEW, ˈəʊ v ə v ˌjuː
OWNED, ˈəʊ n d
PACKAGES, p ˈæ k ɪ dʒ ɪ z
PACKAGING, p ˈæ k ɪ dʒ ɪ ŋ
PACKARD, p ˈæ k ɑː d
PACKS, p ˈæ k s
PAL, p ˈæ l
PALESTINIAN, p ˌæ l ɪ s t ˈɪ n ɪə n
PALM, p ˈɑː m
PANAMA(1), p ˈæ n ə m ˌɑː
PANAMA(2), p ˌæ n ə m ˈɑː
PANASONIC, p ˌæ n ə s ˈɒ n ɪ k
PANELS, p ˈæ n ə l z
PANTIES, p ˈæ n t iː z
PANTYHOSE, p ˈæ n t ɪ h ˌəʊ z
PAPERBACK, p ˈeɪ p ə b ˌæ k
PAPERBACKS, p ˈeɪ p ə b ˌæ k s
PAR, p ˈɑː
PARADE, p ə ɹ ˈeɪ d
PARADISE, p ˈæ ɹ ə d ˌaɪ s
PARALLEL, p ˈæ ɹ ə l ˌɛ l
PARAMETER, p ə ɹ ˈæ m ɪ t ə
PARAMETERS, p ə ɹ ˈæ m ɪ t ə z
PARENTING, p ˈɛə ɹ ə n t ɪ ŋ
PARKER, p ˈɑː k ə
PARKS, p ˈɑː k s
PARTIALLY, p ˈɑː ʃ ə l iː
PARTICIPANT, p ɑː t ˈɪ s ɪ p ə n t
PARTICIPATING, p ɑː t ˈɪ s ɪ p ˌeɪ t ɪ ŋ
PARTICLE, p ˈɑː t ɪ k ə l
PARTNERSHIPS, p ˈɑː t n ə ʃ ˌɪ p s
PASSES, p ˈɑː s ɪ z
PASSWORD, p ˈɑː s w ˌɜː d
PATCHES, p ˈæ tʃ ɪ z
PATENT, p ˈæ t ə n t
PATENTS, p ˈæ t ə n t s
PATHOLOGY, p ə θ ˈɒ l ə dʒ iː
PATHS(1), p ˈɑː θ s
PATHS(2), p ˈæ ð z
PATRICIA, p ə t ɹ ˈɪ ʃ ə
PAYROLL, p ˈeɪ ɹ ˌəʊ l
PEARL, p ˈɜː l
PEER, p ˈɪə
PENALTIES, p ˈɛ n ə l t iː z
PENDANT, p ˈɛ n d ə n t
PENTIUM, p ˈɛ n t ɪə m
PERFORMING, p ə f ˈɔː m ɪ ŋ
PERFUME(1), p ˈɜ f juː m
PERFUME(2), p ə f ˈjuː m
PERIODIC, p ˌɪ ɹ ɪ ˈɒ d ɪ k
PERIODICALLY, p ˈɪə ɹ ɪ ˈɒ d ɪ k ə l iː
PERIPHERALS, p ə ɹ ˈɪ f ə ɹ ə l z
PERL, p ˈɜː l
PERMISSIONS, p ə m ˈɪ ʃ ə n z
PERMIT(1), p ˈɜː m ˌɪ t
PERMIT(2), p ə m ˈɪ t
PERMITS(1), p ˈɜː m ˌɪ t s
PERMITS(2), p ə m ˈɪ t s
PERMITTED, p ə m ˈɪ t ɪ d
PERRY, p ˈɛ ɹ iː
PERSONALIZED, p ˈɜː s ə n ə l ˌaɪ z d
PERSONALS, p ˈɜː s ə n ə l z
PERSPECTIVES, p ə s p ˈɛ k t ɪ v z
PERTH, p ˈɜː θ
PERU, p ə ɹ ˈuː
PETITION, p ə t ˈɪ ʃ ə n
PETROLEUM, p ə t ɹ ˈəʊ l ɪə m
PHARMACEUTICAL, f ˌɑː m ə s ˈjuː t ɪ k ə l
PHARMACEUTICALS, f ˌɑː m ə s ˈjuː t ɪ k ə l z
PHARMACIES, f ˈɑː m ə s iː z
PHARMACOLOGY, f ˌɑː m ə k ˈɒ l ə dʒ iː
PHARMACY, f ˈɑː m ə s iː
PHILADELPHIA, f ˌɪ l ə d ˈɛ l f ɪə
PHILIPPINES, f ˈɪ l ɪ p ˌiː n z
PHOENIX, f ˈiː n ɪ k s
PHOTOGRAPHER, f ə t ˈɒ g ɹ ə f ə
PHOTOGRAPHERS, f ə t ˈɒ g ɹ ə f ə z
PHOTOGRAPHIC, f ˌəʊ t ə g ɹ ˈæ f ɪ k
PHOTOGRAPHY, f ə t ˈɒ g ɹ ə f iː
PHYSICIAN, f ɪ z ˈɪ ʃ ə n
PHYSICIANS, f ɪ z ˈɪ ʃ ə n z
PHYSIOLOGY, f ˌɪ z ɪ ˈɒ l ə dʒ iː
PICKUP, p ˈɪ k ˌɐ p
PIONEER, p ˌaɪ ə n ˈɪə
PITTSBURGH, p ˈɪ t s b ɜː g
PIXEL, p ˈɪ k s ə l
PIXELS, p ˈɪ k s ə l z
PLACEMENT, p l ˈeɪ s m ə n t
PLANNER, p l ˈæ n ə
PLASMA, p l ˈæ z m ə
PLATFORMS, p l ˈæ t f ˌɔː m z
PLATINUM, p l ˈæ t ɪ n ə m
PLAYBOY, p l ˈeɪ b ˈɔɪ
PLAYSTATION, p l ˈeɪ s t ˌeɪ ʃ ə n
PLAZA, p l ˈɑː z ə
PLUMBING, p l ˈɐ m ɪ ŋ
PODCAST, p ˈɒ d k ˌɑː s t
POINTER, p ˈɔɪ n t ə
POKER, p ˈəʊ k ə
POLAR, p ˈəʊ l ə
POLLS, p ˈəʊ l z
POLYPHONIC, p ˌɒ l ˌɪ f ˈɒ n ɪ k
POPE, p ˈəʊ p
POPULARITY, p ˌɒ p jʊ l ˈæ ɹ ɪ t iː
PORCELAIN, p ˈɔː s ə l ɪ n
PORN, p ˈɔː n
PORNO, p ˈɔː n əʊ
PORTAL, p ˈɔː t ə l
PORTER, p ˈɔː t ə
PORTFOLIO, p ˌɔː t f ˈəʊ l ɪ ˌəʊ
PORTION, p ˈɔː ʃ ə n
PORTIONS, p ˈɔː ʃ ə n z
PORTLAND, p ˈɔː t l ə n d
PORTS, p ˈɔː t s
PORTUGAL, p ˈɔː tʃ ʊ g ə l
PORTUGUESE, p ˈɔː tʃ ʊ g ˌiː z
POSTAL, p ˈəʊ s t ə l
POSTED, p ˈəʊ s t ɪ d
POSTERS, p ˈəʊ s t ə z
POSTING, p ˈəʊ s t ɪ ŋ
POTTER, p ˈɒ t ə
POTTERY, p ˈɒ t ə ɹ iː
POWELL, p ˈaʊ ə l
POWERED, p ˈaʊ ə d
PRAGUE, p ɹ ˈɑː g
PRAIRIE, p ɹ ˈɛə ɹ iː
PRAISE, p ɹ ˈeɪ z
PRECIPITATION, p ɹ ɪ s ˌɪ p ɪ t ˈeɪ ʃ ə n
PRECISION, p ɹ ɪ s ˈɪ ʒ ə n
PREDICTED, p ɹ ɪ d ˈɪ k t ɪ d
PREDICTION, p ɹ ɪ d ˈɪ k ʃ ə n
PREFERENCES, p ɹ ˈɛ f ə ɹ ə n s ɪ z
PREFERRED, p ɹ ɪ f ˈɜː d
PRELIMINARY, p ɹ ɪ l ˈɪ m ɪ n ə ɹ iː
PREMIER, p ɹ ˈɛ m ɪə
PREMIERE(1), p ɹ ˈɛ m ɪ ˌɛə
PREMIERE(2), p ɹ ˈɛ m ɪə
PRESCRIBED, p ɹ ɪ s k ɹ ˈaɪ b d
PRESENTATIONS, p ɹ ˌɛ z ə n t ˈeɪ ʃ ə n z
PRESERVATION, p ɹ ˌɛ z ə v ˈeɪ ʃ ə n
PRESERVE, p ɹ ɪ z ˈɜː v
PREVENTING, p ɹ ɪ v ˈɛ n t ɪ ŋ
PREVENTION, p ɹ ɪ v ˈɛ n ʃ ə n
PREVIEW, p ɹ ˈiː v ˌjuː
PREVIEWS, p ɹ ˈiː v ˌjuː z
PRICED, p ɹ ˈaɪ s t
PRICING, p ɹ ˈaɪ s ɪ ŋ
PRINCETON, p ɹ ˈɪ n s t ə n
PRINTABLE, p ɹ ˈɪ n t ə b ə l
PRINTED, p ɹ ˈɪ n t ɪ d
PRINTERS, p ɹ ˈɪ n t ə z
PRINTING, p ɹ ˈɪ n t ɪ ŋ
PRINTS, p ɹ ˈɪ n t s
PRIOR, p ɹ ˈaɪ ə
PRIVACY(1), p ɹ ˈaɪ v ə s iː
PRIVACY(2), p ɹ ˈɪ v ə s iː
PRO, p ɹ ˈəʊ
PROBE, p ɹ ˈəʊ b
PROCEEDING, p ɹ ə s ˈiː d ɪ ŋ
PROCEEDS, p ɹ ə s ˈiː d z
PROCESSED, p ɹ ˈəʊ s ɛ s t
PROCESSORS, p ɹ ˈəʊ s ˌɛ s ə z
PROCUREMENT, p ɹ ə k ˈjʊə m ə n t
PRODUCTIONS, p ɹ ə d ˈɐ k ʃ ə n z
PRODUCTIVE, p ɹ ə d ˈɐ k t ɪ v
PROFILES, p ɹ ˈəʊ f ˌaɪ l z
PROGRAMMER, p ɹ ˈəʊ g ɹ ˌæ m ə
PROGRAMMING, p ɹ ˈəʊ g ɹ ˌæ m ɪ ŋ
PROHIBITED, p ɹ əʊ h ˈɪ b ɪ t ɪ d
PROJECTED, p ɹ ə dʒ ˈɛ k t ɪ d
PROJECTION, p ɹ ə dʒ ˈɛ k ʃ ə n
PROJECTOR, p ɹ ə dʒ ˈɛ k t ə
PROJECTORS, p ɹ ə dʒ ˈɛ k t ə z
PROMOTING, p ɹ ə m ˈəʊ t ɪ ŋ
PROMOTIONAL, p ɹ ə m ˈəʊ ʃ ə n ə l
PROMOTIONS, p ɹ ə m ˈəʊ ʃ ə n z
PROMPT, p ɹ ˈɒ m p t
PROPRIETARY, p ɹ ə p ɹ ˈaɪ ə t ə ɹ iː
PROS, p ɹ ˈəʊ z
PROSPECTIVE, p ɹ ə s p ˈɛ k t ɪ v
PROTECTED, p ɹ ə t ˈɛ k t ɪ d
PROTECTING, p ɹ ə t ˈɛ k t ɪ ŋ
PROTECTIVE, p ɹ ə t ˈɛ k t ɪ v
PROTEINS, p ɹ ˈəʊ t ˌiː n z
PROTOCOL, p ɹ ˈəʊ t ə k ˌɒ l
PROTOCOLS, p ɹ ˈəʊ t ə k ˌɒ l z
PROVEN, p ɹ ˈuː v ə n
PROVIDENCE, p ɹ ˈɒ v ɪ d ə n s
PROVIDER, p ɹ ə v ˈaɪ d ə
PROVIDERS, p ɹ ə v ˈaɪ d ə z
PROXY, p ɹ ˈɒ k s iː
PUBLISH, p ˈɐ b l ɪ ʃ
PUBLISHING, p ˈɐ b l ɪ ʃ ɪ ŋ
PULSE, p ˈɐ l s
PUMPS, p ˈɐ m p s
PUNK, p ˈɐ ŋ k
PURCHASED, p ˈɜː tʃ ə s t
PURCHASES, p ˈɜː tʃ ə s ɪ z
PURCHASING, p ˈɜː tʃ ə s ɪ ŋ
PURSUANT, p ə s ˈjuː ə n t
PUZZLES, p ˈɐ z ə l z
PYTHON, p ˈaɪ θ ə n
QUALIFIED, k w ˈɒ l ɪ f ˌaɪ d
QUALIFY, k w ˈɒ l ɪ f ˌaɪ
QUANTUM, k w ˈɒ n t ə m
QUARTERLY, k w ˈɔː t ə l iː
QUEBEC, k w ɪ b ˈɛ k
QUEENSLAND(1), k w ˈiː n z l ə n d
QUEENSLAND(2), k w ˈiː n z l ˌæ n d
QUERIES, k w ˈɪə ɹ iː z
QUERY, k w ˈiə ɹ iː
QUOTATIONS, k w əʊ t ˈeɪ ʃ ə n z
QUOTED, k w ˈəʊ t ɪ d
RACIAL, ɹ ˈeɪ ʃ ə l
RACKS, ɹ ˈæ k s
RADAR, ɹ ˈeɪ d ˈɑː
RADIUS, ɹ ˈeɪ d ɪə s
RAID, ɹ ˈeɪ d
RAILROAD, ɹ ˈeɪ l ɹ ˌəʊ d
RALEIGH(1), ɹ ˈɑː l iː
RALEIGH(2), ɹ ˈɔː l iː
RALLY, ɹ ˈæ l iː
RALPH, ɹ ˈæ l f
RAM, ɹ ˈæ m
RANCH, ɹ ˈɑː n tʃ
RANDY, ɹ ˈæ n d iː
RANGES, ɹ ˈeɪ n dʒ ɪ z
RANKED, ɹ ˈæ ŋ k t
RANKING, ɹ ˈæ ŋ k ɪ ŋ
RANKINGS, ɹ ˈæ ŋ k ɪ ŋ z
RAP, ɹ ˈæ p
RAPIDS, ɹ ˈæ p ɪ d z
RATED, ɹ ˈeɪ t ɪ d
RATING, ɹ ˈeɪ t ɪ ŋ
RATINGS, ɹ ˈeɪ t ɪ ŋ z
RATS, ɹ ˈæ t s
READINGS, ɹ ˈiː d ɪ ŋ z
REALTY, ɹ ˈɪə l t iː
REAR, ɹ ˈɪə
REBATE, ɹ ˈiː b ˌeɪ t
RECEIVES, ɹ ɪ s ˈiː v z
RECEPTOR, ɹ ɪ s ˈɛ p t ə
RECIPES, ɹ ˈɛ s ɪ p iː z
RECIPIENT, ɹ ɪ s ˈɪ p ɪə n t
RECIPIENTS, ɹ ɪ s ˈɪ p ɪə n t s
RECOMMEND, ɹ ˌɛ k ə m ˈɛ n d
RECOMMENDATION, ɹ ˌɛ k ə m ə n d ˈeɪ ʃ ə n
RECOMMENDS, ɹ ˌɛ k ə m ˈɛ n d z
RECONSTRUCTION, ɹ ˌiː k ə n s t ɹ ˈɐ k ʃ ə n
RECORDINGS, ɹ ɪ k ˈɔː d ɪ ŋ z
RECREATION(1), ɹ ˌɛ k ɹ ɪ ˈeɪ ʃ ə n
RECREATION(2), ɹ ˌiː k ɹ ɪ ˈeɪ ʃ ə n
RECREATIONAL, ɹ ˌɛ k ɹ ɪ ˈeɪ ʃ ə n ə l
RECRUITING, ɹ ɪ k ɹ ˈuː t ɪ ŋ
RECYCLING, ɹ ɪ s ˈaɪ k l ɪ ŋ
REDEEM, ɹ ɪ d ˈiː m
REDUCES, ɹ ɪ d ˈjuː s ɪ z
REED, ɹ ˈiː d
REFERRAL, ɹ ɪ f ˈɛ ɹ ə l
REFINANCE(1), ɹ ˈiː f ˈaɪ n ˌæ n s
REFINANCE(2), ɹ ˌiː f ɪ n ˈæ n s
REFINE, ɹ ɪ f ˈaɪ n
REFUND(1), ɹ ˈiː f ˌɐ n d
REFUND(2), ɹ ɪ f ˈɐ n d
REFURBISHED, ɹ ɪ f ˈɜː b ɪ ʃ t
REFUSE(1), ɹ ɪ f ˈjuː z
REFUSE(2), ɹ ˈɛ f ˌjuː z
REGARDS, ɹ ɪ g ˈɑː d z
REGISTRAR(1), ɹ ˈɛ dʒ ɪ s t ɹ ˌɑː
REGISTRAR(2), ɹ ˌɛ dʒ ɪ s t ɹ ˈɑː
REGISTRY, ɹ ˈɛ dʒ ɪ s t ɹ iː
REGULATED, ɹ ˈɛ g jʊ l ˌeɪ t ɪ d
REGULATORY, ɹ ˈɛ g jʊ l ə t ə ɹ iː
REHABILITATION, ɹ ˌiː ə b ˌɪ l ɪ t ˈeɪ ʃ ə n
REHAB, ɹ ˌiː h æ b
RELATE, ɹ ɪ l ˈeɪ t
RELAY(1), ɹ ˈiː l eɪ
RELAY(2), ɹ ɪ l ˈeɪ
RELEASES, ɹ ɪ l ˈiː s ɪ z
RELIABILITY, ɹ ɪ l ˌaɪ ə b ˈɪ l ɪ t iː
RELOAD, ɹ iː l ˈəʊ d
RELOCATION, ɹ ɪ l ˈəʊ k ˈeɪ ʃ ə n
REMINDER, ɹ ɪ m ˈaɪ n d ə
REMOVING, ɹ ɪ m ˈuː v ɪ ŋ
RENAISSANCE, ɹ ə n ˈeɪ s ə n s
RENEWAL, ɹ ɪ n ˈjuː ə l
RENO, ɹ ˈiː n əʊ
RENTAL, ɹ ˈɛ n t ə l
RENTALS, ɹ ˈɛ n t ə l z
REPAIR, ɹ ɪ p ˈɛə
REPAIRS, ɹ ɪ p ˈɛə z
REPEATED, ɹ ɪ p ˈiː t ɪ d
REPLICA, ɹ ˈɛ p l ɪ k ə
REPLIES, ɹ ɪ p l ˈaɪ z
REPORTER, ɹ ɪ p ˈɔː t ə
REPORTING, ɹ ɪ p ˈɔː t ɪ ŋ
REPOSITORY, ɹ ɪ p ˈɒ z ɪ t ə ɹ iː
REPRINTS(1), ɹ ˈiː p ɹ ɪ n t s
REPRINTS(2), ɹ iː p ɹ ˈɪ n t s
REPRODUCED, ɹ ˌiː p ɹ ə d ˈjuː s t
REPRODUCTION, ɹ ˌiː p ɹ ə d ˈɐ k ʃ ə n
REPUBLICAN, ɹ ɪ p ˈɐ b l ɪ k ə n
REPUBLICANS, ɹ ɪ p ˈɐ b l ɪ k ə n z
REQUESTED, ɹ ɪ k w ˈɛ s t ɪ d
REQUESTS, ɹ ɪ k w ˈɛ s t s
RESCUE, ɹ ˈɛ s k juː
RESELLER, ɹ iː s ˈɛ l ə
RESERVATION, ɹ ˌɛ z ə v ˈeɪ ʃ ə n
RESERVATIONS, ɹ ˌɛ z ə v ˈeɪ ʃ ə n z
RESERVE, ɹ ɪ z ˈɜː v
RESERVED, ɹ ɪ z ˈɜː v d
RESERVES, ɹ ɪ z ˈɜː v z
RESET(1), ɹ ˈiː s ɛ t
RESET(2), ɹ ɪ s ˈɛ t
RESIDENT, ɹ ˈɛ z ɪ d ə n t
RESISTANT, ɹ ɪ z ˈɪ s t ə n t
RESOLUTIONS, ɹ ˌɛ z ə l ˈuː ʃ ə n z
RESOLVE, ɹ ɪ z ˈɒ l v
RESOLVED, ɹ ɪ z ˈɒ l v d
RESORTS, ɹ ɪ z ˈɔː t s
RESPECTIVE, ɹ ɪ s p ˈɛ k t ɪ v
RESPIRATORY(1), ɹ ɪ s p ˈɪ ɹ ə t ə ɹ iː
RESPIRATORY(2), ɹ ˈɛ s p ə ɹ ə t ə ɹ iː
RESPONDED, ɹ ɪ s p ˈɒ n d ɪ d
RESPONDENT, ɹ ɪ s p ˈɒ n d ə n t
RESPONDENTS, ɹ ɪ s p ˈɒ n d ə n t s
RESTRICTION, ɹ ɪ s t ɹ ˈɪ k ʃ ə n
RESULTED, ɹ ɪ z ˈɐ l t ɪ d
RESUME(1), ɹ ɪ z ˈjuː m
RESUME(2), ɹ ˈɛ z ə m ˌeɪ
RETAILER, ɹ ˈiː t ˌeɪ l ə
RETAILERS, ɹ ˈiː t ˌeɪ l ə z
RETENTION, ɹ ɪ t ˈɛ n ʃ ə n
RETRIEVED, ɹ ɪ t ɹ ˈiː v d
RETRO, ɹ ˈɛ t ɹ əʊ
RETURNS, ɹ ɪ t ˈɜː n z
REUNION, ɹ iː ˈjuː n j ə n
REUTERS, ɹ ˈɔɪ t ə z
REV, ɹ ˈɛ v
REVENUES, ɹ ˈɛ v ə n ˌjuː z
REVERSE, ɹ ɪ v ˈɜː s
REVIEWED, ɹ ɪ v ˈjuː d
REVIEWER, ɹ ɪ v ˈjuː ə
REVIEWS, ɹ ɪ v ˈjuː z
REVISED, ɹ ɪ v ˈaɪ z d
REWARDS, ɹ ɪ w ˈɔː d z
RICHMOND, ɹ ˈɪ tʃ m ə n d
RIDER, ɹ ˈaɪ d ə
RIDGE, ɹ ˈɪ dʒ
RIM, ɹ ˈɪ m
RIPE, ɹ ˈaɪ p
RIVERSIDE, ɹ ˈɪ v ə s ˌaɪ d
ROBINSON, ɹ ˈɒ b ɪ n s ə n
ROBOT, ɹ ˈəʊ b ˌɒ t
ROBUST, ɹ əʊ b ˈɐ s t
ROCHESTER, ɹ ˈɒ tʃ ɪ s t ə
ROD, ɹ ˈɒ d
ROGERS, ɹ ˈɒ dʒ ə z
ROMANCE(1), ɹ ˈəʊ m æ n s
ROMANCE(2), ɹ ə m ˈæ n s
ROMANIA, ɹ əʊ m ˈeɪ n ɪə
RONALD, ɹ ˈɒ n ə l d
ROSTER, ɹ ˈɒ s t ə
ROTATION, ɹ əʊ t ˈeɪ ʃ ə n
ROULETTE, ɹ uː l ˈɛ t
ROUTER(1), ɹ ˈuː t ə
ROUTER(2), ɹ ˈaʊ t ə
ROUTERS(1), ɹ ˈuː t ə z
ROUTERS(2), ɹ ˈaʊ t ə z
ROUTING(1), ɹ ˈuː t ɪ ŋ
ROUTING(2), ɹ ˈaʊ t ɪ ŋ
ROYALTY, ɹ ˈɔɪ ə l t iː
RUBY, ɹ ˈuː b iː
RUGS, ɹ ˈɐ g z
RULING, ɹ ˈuː l ɪ ŋ
RUNNER, ɹ ˈɐ n ə
SACRAMENTO, s ˌæ k ɹ ə m ˈɛ n t əʊ
SACRED, s ˈeɪ k ɹ ɪ d
SADDAM, s æ d ˈæ m
SAFARI, s ə f ˈɑː ɹ iː
SALON, s ə l ˈɒ n
SALVADOR, s ˈæ l v ə d ˌɔː
SAMOA, s ə m ˈəʊ ə
SAMPLING, s ˈæ m p l ɪ ŋ
SAMSUNG, s ˈæ m s ˌɐ ŋ
SAMUEL, s ˈæ m juː l
SANTA, s ˈæ n t ə
SAP, s ˈæ p
SASKATCHEWAN, s æ s k ˈæ tʃ ɪ w ə n
SAUDI(1), s ˈaʊ d iː
SAUDI(2), s ˈɔː d iː
SAVER, s ˈeɪ v ə
SCAN, s k ˈæ n
SCANNER, s k ˈæ n ə
SCANNERS, s k ˈæ n ə z
SCANNING, s k ˈæ n ɪ ŋ
SCENARIO, s ɪ n ˈɑː ɹ ɪ əʊ
SCHEDULED(1), ʃ ˈɛ dʒ uː l d
SCHEDULED(2), s k ˈɛ dʒ ʊə l d
SCHEDULES(1), ʃ ˈɛ dʒ uː l z
SCHEDULES(2), s k ˈɛ dʒ ʊə l z
SCHEDULING(1), ʃ ˈɛ dʒ uː l ɪ ŋ
SCHEDULING(2), s k ˈɛ dʒ ʊə l ɪ ŋ
SCHOLARS, s k ˈɒ l ə z
SCHOLARSHIP, s k ˈɒ l ə ʃ ˌɪ p
SCHOLARSHIPS, s k ˈɒ l ə ʃ ˌɪ p s
SCORES, s k ˈɔː z
SCORING, s k ˈɔː ɹ ɪ ŋ
SCREENING, s k ɹ ˈiː n ɪ ŋ
SCREENS, s k ɹ ˈiː n z
SCRIPT, s k ɹ ˈɪ p t
SCRIPTS, s k ɹ ˈɪ p t s
SCROLL, s k ɹ ˈəʊ l
SCULPTURE, s k ˈɐ l p tʃ ə
SEAFOOD, s ˈiː f ˌuː d
SEAL, s ˈiː l
SEALED, s ˈiː l d
SEARCHED, s ˈɜː tʃ t
SEARCHES, s ˈɜː tʃ ɪ z
SEASONAL, s ˈiː z ə n ə l
SEASONS, s ˈiː z ə n z
SEATING, s ˈiː t ɪ ŋ
SEATTLE, s ɪ ˈæ t ə l
SECURED, s ɪ k ˈjʊə d
SEEKER, s ˈiː k ə
SELECT, s ə l ˈɛ k t
SELECTING, s ə l ˈɛ k t ɪ ŋ
SELECTIONS, s ə l ˈɛ k ʃ ə n z
SELLERS, s ˈɛ l ə z
SEMESTER, s ə m ˈɛ s t ə
SEMICONDUCTOR, s ˌɛ m ɪ k ə n d ˈɐ k t ə
SEMINAR, s ˈɛ m ɪ n ˈɑː
SEMINARS, s ˈɛ m ɪ n ˌɑː z
SENATOR, s ˈɛ n ə t ə
SENDER, s ˈɛ n d ə
SENIORS, s ˈiː n j ə z
SENSOR, s ˈɛ n s ə
SENSORS, s ˈɛ n s ə z
SEPARATED, s ˈɛ p ə ɹ ˌeɪ t ɪ d
SERIAL, s ˈɪə ɹ ɪə l
SERVERS, s ˈɜː v ə z
SETUP, s ˈɛ t ˌɐ p
SHANGHAI, ʃ ˈæ ŋ h ˈaɪ
SHAREWARE, ʃ ˈɛə w ˌɛə
SHAW, ʃ ˈɔː
SHELTER, ʃ ˈɛ l t ə
SHIELD, ʃ ˈiː l d
SHIPMENT, ʃ ˈɪ p m ə n t
SHOPPER, ʃ ˈɒ p ə
SHOPPERS, ʃ ˈɒ p ə z
SHOWCASE, ʃ ˈəʊ k ˌeɪ s
SHUTTLE, ʃ ˈɐ t ə l
SIEMENS, s ˈiː m ə n z
SIGMA, s ˈɪ g m ə
SIGNATURE, s ˈɪ g n ə tʃ ə
SILICON, s ˈɪ l ɪ k ə n
SIMPSON, s ˈɪ m p s ə n
SIMULATION, s ˌɪ m jʊ l ˈeɪ ʃ ə n
SINGAPORE, s ˈɪ ŋ ə p ˌɔː
SINGLES, s ˈɪ ŋ g ə l z
SITUATED, s ˈɪ tʃ ʊə t ɪ d
SLOT, s l ˈɒ t
SLOTS, s l ˈɒ t s
SLOVAKIA, s l ˌəʊ v ˈæ k ɪə
SLOVENIA, s l ˌəʊ v ˈiː n ɪə
SLUT, s l ˈɐ t
SNAPSHOT, s n ˈæ p ʃ ˌɒ t
SOCCER, s ˈɒ k ə
SODIUM, s ˈəʊ d ɪə m
SOL, s ˈɒ l
SOLAR, s ˈəʊ l ə
SOLO, s ˈəʊ l ˌəʊ
SOLOMON, s ˈɒ l ə m ə n
SOLVING, s ˈɒ l v ɪ ŋ
SOMA, s ˈəʊ m ə
SONIC, s ˈɒ n ɪ k
SOONEST, s ˈuː n ə s t
SOUNDTRACK, s ˈaʊ n d t ɹ ˌæ k
SOUTHEAST, s ˌaʊ θ ˈiː s t
SOUTHWEST, s ˌaʊ θ w ˈɛ s t
SPA, s p ˈɑː
SPAM, s p ˈæ m
SPANKING, s p ˈæ ŋ k ɪ ŋ
SPATIAL, s p ˈeɪ ʃ ə l
SPEARS, s p ˈɪə z
SPECIALISTS, s p ˈɛ ʃ ə l ɪ s t s
SPECIALIZED, s p ˈɛ ʃ ə l ˌaɪ z d
SPECIALS, s p ˈɛ ʃ ə l z
SPECIALTY, s p ˈɛ ʃ ə l t iː
SPECIFICATION, s p ˌɛ s ɪ f ɪ k ˈeɪ ʃ ə n
SPECIFICATIONS, s p ˌɛ s ɪ f ɪ k ˈeɪ ʃ ə n z
SPECIFIED, s p ˈɛ s ɪ f ˌaɪ d
SPECIFY, s p ˈɛ s ɪ f ˌaɪ
SPEEDS, s p ˈiː d z
SPENCER, s p ˈɛ n s ə
SPIRITUALITY, s p ˌɪ ɹ ɪ tʃ jʊə l ɪ t iː
SPONSOR, s p ˈɒ n s ə
SPONSORED, s p ˈɒ n s ə d
SPONSORS, s p ˈɒ n s ə z
SPONSORSHIP, s p ˈɒ n s ə ʃ ˌɪ p
SPORTING, s p ˈɔː t ɪ ŋ
SPOTLIGHT, s p ˈɒ t l ˌaɪ t
SPOUSE, s p ˈaʊ s
SPRINGFIELD, s p ɹ ˈɪ ŋ f ˌiː l d
SPRINT, s p ɹ ˈɪ n t
SPYWARE, s p ˈaɪ w ˌɛə
SQUIRTING, s k w ˈɜː t ɪ ŋ
STACK, s t ˈæ k
STADIUM, s t ˈeɪ d ɪə m
STAFFING, s t ˈɑː f ɪ ŋ
STAINLESS, s t ˈeɪ n l ə s
STANFORD, s t ˈæ n f ə d
STARRING, s t ˈɑː ɹ ɪ ŋ
STARTUP, s t ˈɑː t ˌɐ p
STAT, s t ˈæ t
STATIC, s t ˈæ t ɪ k
STATS, s t ˈæ t s
STATUTES, s t ˈæ tʃ uː t s
STEERING, s t ˈɪə ɹ ɪ ŋ
STERLING, s t ˈɜː l ɪ ŋ
STEVENS, s t ˈiː v ə n z
STORED, s t ˈɔː d
STREAMING, s t ɹ ˈiː m ɪ ŋ
STREAMS, s t ɹ ˈiː m z
STRENGTHEN, s t ɹ ˈɛ ŋ θ ə n
STRENGTHS(1), s t ɹ ˈɛ ŋ θ s
STRENGTHS(2), s t ɹ ˈɛ ŋ k θ s
STRINGS, s t ɹ ˈɪ ŋ z
STRUCTURED, s t ɹ ˈɐ k tʃ ə d
STUD, s t ˈɐ d
STUDIOS, s t ˈjuː d ɪ ˌəʊ z
STUNNING, s t ˈɐ n ɪ ŋ
STYLUS, s t ˈaɪ l ə s
SUB, s ˈɐ b
SUBCOMMITTEE, s ˈɐ b k ə m ˌɪ t iː
SUBLIME, s ə b l ˈaɪ m
SUBMISSION, s ə b m ˈɪ ʃ ə n
SUBMISSIONS, s ə b m ˈɪ ʃ ə n z
SUBMIT, s ə b m ˈɪ t
SUBMITTED, s ə b m ˈɪ t ɪ d
SUBMITTING, s ə b m ˈɪ t ɪ ŋ
SUBSCRIBE, s ə b s k ɹ ˈaɪ b
SUBSCRIBER, s ə b s k ɹ ˈaɪ b ə
SUBSCRIBERS, s ə b s k ɹ ˈaɪ b ə z
SUBSCRIPTION, s ə b s k ɹ ˈɪ p ʃ ə n
SUBSCRIPTIONS, s ə b s k ɹ ˈɪ p ʃ ə n z
SUBSECTION, s ˈɐ b s ɛ k ʃ ə n
SUBSIDIARY, s ə b s ˈɪ d ɪə ɹ iː
SUBSTANCES, s ˈɐ b s t ə n s ɪ z
SUBSTITUTE, s ˈɐ b s t ɪ t ˌjuː t
SUCKING, s ˈɐ k ɪ ŋ
SUCKS, s ˈɐ k s
SUDAN, s uː d ˈɑː n
SUITES, s w ˈiː t s
SULLIVAN, s ˈɐ l ɪ v ə n
SUNGLASSES, s ˈɐ n g l ˌɑː s ɪ z
SUNSET, s ˈɐ n s ˌɛ t
SUPERVISOR, s ˈuː p ə v ˌaɪ z ə
SUPPLEMENT(1), s ˈɐ p l ɪ m ə n t
SUPPLEMENT(2), s ɐ p l ɪ m ˈɛ n t
SUPPLEMENTS(1), s ˈɐ p l ɪ m ə n t s
SUPPLEMENTS(2), s ɐ p l ɪ m ˈɛ n t s
SUPPLIER, s ə p l ˈaɪ ə
SUPPORTS, s ə p ˈɔː t s
SURF, s ˈɜː f
SURFACES, s ˈɜː f ə s ɪ z
SURFING, s ˈɜː f ɪ ŋ
SURGICAL, s ˈɜː dʒ ɪ k ə l
SURPLUS, s ˈɜː p l ə s
SURROUNDING, s ə ɹ ˈaʊ n d ɪ ŋ
SURVEILLANCE, s ə v ˈeɪ l ə n s
SUSPENDED, s ə s p ˈɛ n d ɪ d
SUSPENSION, s ə s p ˈɛ n ʃ ə n
SUSTAINABLE, s ə s t ˈeɪ n ə b ə l
SUSTAINED, s ə s t ˈeɪ n d
SUZUKI, s ə z ˈuː k iː
SWEDISH, s w ˈiː d ɪ ʃ
SWINGERS, s w ˈɪ ŋ ə z
SWORD, s ˈɔː d
SYDNEY, s ˈɪ d n iː
SYMANTEC, s ɪ m ˈæ n t ˌɛ k
SYMBOLS, s ˈɪ m b ə l z
SYMPHONY, s ˈɪ m f ə n iː
SYMPOSIUM, s ɪ m p ˈəʊ z ɪə m
SYNDICATE(1), s ˈɪ n d ɪ k ə t
SYNDICATE(2), s ˈɪ n d ɪ k ˌeɪ t
SYNDICATION, s ˌɪ n d ɪ k ˈeɪ ʃ ə n
SYNDROME, s ˈɪ n d ɹ ˌəʊ m
SYNOPSIS, s ɪ n ˈɒ p s ɪ s
SYNTAX, s ˈɪ n t ˌæ k s
SYNTHESIS, s ˈɪ n θ ɪ s ɪ s
SYRIA, s ˈɪə ɹ ɪə
TAB, t ˈæ b
TABS, t ˈæ b z
TAG, t ˈæ g
TAGGED, t ˈæ g d
TAGS, t ˈæ g z
TAIWAN, t aɪ w ˈɑː n
TAMPA, t ˈæ m p ə
TAN, t ˈæ n
TANKS, t ˈæ ŋ k s
TANZANIA, t ˌæ n z ə n ˈɪə
TARGETED, t ˈɑː g ɪ t ɪ d
TECHNICIAN, t ɛ k n ˈɪ ʃ ə n
TECHNO, t ˈɛ k n əʊ
TEEN, t ˈiː n
TEENAGE, t ˈiː n ˌeɪ dʒ
TEENS, t ˈiː n z
TELECOMMUNICATIONS, t ˌɛ l ɪ k ə m ˌjuː n ɪ k ˈeɪ ʃ ə n z
TEMPLE, t ˈɛ m p ə l
TENDER, t ˈɛ n d ə
TENNESSEE, t ˌɛ n ə s ˈiː
TERMINAL, t ˈɜː m ɪ n ə l
TERMINATION, t ə m ɪ n ˈeɪ ʃ ə n
TERRITORIES, t ˈɛ ɹ ɪ t ə ɹ iː z
TERROR, t ˈɛ ɹ ə
TERRORISM, t ˈɛ ɹ ə ɹ ˌɪ z ə m
TERRORIST, t ˈɛ ɹ ə ɹ ɪ s t
TERRORISTS, t ˈɛ ɹ ə ɹ ɪ s t s
TESTAMENT, t ˈɛ s t ə m ə n t
TESTIMONIALS, t ˌɛ s t ɪ m ˈəʊ n ɪə l z
TESTIMONY, t ˈɛ s t ɪ m ə n iː
TEXAS, t ˈɛ k s ə s
TEXTBOOKS, t ˈɛ k s t b ˌʊ k s
THAILAND, t ˈaɪ l ˌæ n d
THEATER, θ ˈɪə t ə
THEATERS, θ ˈɪə t ə z
THEOREM, θ ˈɪə ɹ ə m
THERAPEUTIC, θ ˌɛ ɹ ə p ˈjuː t ɪ k
THEREOF, ð ɛə ɹ ˈɒ v
THERMAL, θ ˈɜː m ə l
THESAURUS, θ ə s ˈɔː ɹ ə s
THESIS, θ ˈiː s ɪ s
THOMPSON(1), t ˈɒ m p s ə n
THOMPSON(2), t ˈɒ m s ə n
THONG, θ ˈɒ ŋ
THREAD, θ ɹ ˈɛ d
THREADED, θ ɹ ˈɛ d ɪ d
THREADS, θ ɹ ˈɛ d z
THREATS, θ ɹ ˈɛ t s
THREESOME, θ ɹ ˈiː s ə m
THRESHOLD, θ ɹ ˈɛ ʃ ˌəʊ l d
THROWS, θ ɹ ˈəʊ z
THRU, θ ɹ ˈuː
THUMBNAIL, θ ˈɐ m n ˌeɪ l
THUMBS, θ ˈɐ m z
TIER, t ˈɪə
TIGERS, t ˈaɪ g ə z
TIMELY, t ˈaɪ m l iː
TIMER, t ˈaɪ m ə
TIRE, t ˈaɪ ə
TIRES, t ˈaɪ ə z
TITANS, t ˈaɪ t ə n z
TOBACCO, t ə b ˈæ k ˌəʊ
TODD, t ˈɒ d
TOKYO, t ˈəʊ k ɪ əʊ
TOLERANCE, t ˈɒ l ə ɹ ə n s
TOLL, t ˈəʊ l
TONER, t ˈəʊ n ə
TONES, t ˈəʊ n z
TONS, t ˈɐ n z
TOOLBAR, t ˈuː l b ˈɑː
TOOLBOX, t ˈuː l b ˌɒ k s
TOPLESS, t ˈɒ p l ə s
TORONTO, t ə ɹ ˈɒ n t əʊ
TORTURE, t ˈɔː tʃ ə
TOSHIBA, t əʊ ʃ ˈiː b ə
TOTALS, t ˈəʊ t ə l z
TOURISM, t ˈʊə ɹ ˌɪ z ə m
TOURNAMENTS, t ˈɜː n ə m ə n t s
TOURS, t ˈʊə z
TOWARD, t ə w ˈɔː d
TOWERS, t ˈaʊ ə z
TOWNSHIP, t ˈaʊ n ʃ ɪ p
TOXIC, t ˈɒ k s ɪ k
TOYOTA, t əʊ j ˈəʊ t ə
TRACE, t ɹ ˈeɪ s
TRACKED, t ɹ ˈæ k t
TRACKER, t ɹ ˈæ k ə
TRACKING, t ɹ ˈæ k ɪ ŋ
TRADEMARK, t ɹ ˈeɪ d m ˌɑː k
TRADEMARKS, t ɹ ˈeɪ d m ˌɑː ɹ k s
TRADES, t ɹ ˈeɪ d z
TRADING, t ɹ ˈeɪ d ɪ ŋ
TRAIL, t ɹ ˈeɪ l
TRAILERS, t ɹ ˈeɪ l ə z
TRAILS, t ɹ ˈeɪ l z
TRAINER, t ɹ ˈeɪ n ə
TRANCE, t ɹ ˈɑː n s
TRANS, t ɹ ˈæ n z
TRANSCRIPT, t ɹ ˈæ n s k ɹ ˌɪ p t
TRANSFERS(1), t ɹ ˈæ n s f ɜː z
TRANSFERS(2), t ɹ æ n s f ˈɜː z
TRANSFORM(1), t ɹ æ n s f ˈɔː m
TRANSFORM(2), t ɹ ˈæ n s f ˌɔː m
TRANSIT, t ɹ ˈæ n z ɪ t
TRANSLATE, t ɹ æ n s l ˈeɪ t
TRANSLATED, t ɹ æ n s l ˈeɪ t ɪ d
TRANSMITTED, t ɹ æ n s m ˈɪ t ɪ d
TRANSPARENT, t ɹ æ n s p ˈæ ɹ ə n t
TRANSPORTATION, t ɹ ˌæ n s p ə t ˈeɪ ʃ ə n
TRAP, t ɹ ˈæ p
TRASH, t ɹ ˈæ ʃ
TRAVELER, t ɹ ˈæ v ə l ə
TRAVELERS, t ɹ ˈæ v ə l ə z
TRAVELING, t ɹ ˈæ v ə l ɪ ŋ
TREASURE, t ɹ ˈɛ ʒ ə
TREASURER, t ɹ ˈɛ ʒ ə ɹ ə
TREATMENTS, t ɹ ˈiː t m ə n t s
TREK, t ɹ ˈɛ k
TRIBAL, t ɹ ˈaɪ b ə l
TRIBE, t ɹ ˈaɪ b
TRIBUNE, t ɹ ˈɪ b juː n
TRIBUTE, t ɹ ˈɪ b juː t
TRIGGER, t ɹ ˈɪ g ə
TRIM, t ɹ ˈɪ m
TRINIDAD, t ɹ ˈɪ n ɪ d ˌæ d
TRINITY, t ɹ ˈɪ n ɪ t iː
TRIO, t ɹ ˈiː ˌəʊ
TRIPS, t ɹ ˈɪ p s
TRUCKS, t ɹ ˈɐ k s
TRUSTED, t ɹ ˈɐ s t ɪ d
TRUSTEES, t ɹ ˌɐ s t ˈiː z
TUBES, t ˈjuː b z
TUCSON, t ˈuː s ˌɒ n
TUITION, t juː ˈɪ ʃ ə n
TUMOR, t ˈjuː m ə
TUNING, t ˈjuː n ɪ ŋ
TURBO, t ˈɜː b əʊ
TURKISH, t ˈɜː k ɪ ʃ
TURNER, t ˈɜː n ə
TUTORIAL, t juː t ˈɔː ɹ ɪə l
TUTORIALS, t juː t ˈɔː ɹ ɪə l z
TYLER, t ˈaɪ l ə
UGANDA, juː g ˈæ n d ə
UKRAINE, juː k ɹ ˈeɪ n
ULTRA, ˈɐ l t ɹ ə
UNAVAILABLE, ˌɐ n ə v ˈeɪ l ə b ə l
UNDEFINED, ˌɐ n d ɪ f ˈaɪ n d
UNDERGRADUATE, ˌɐ n d ə g ɹ ˈæ d jʊə t
UNDERGROUND, ˈɐ n d ə g ɹ ˌaʊ n d
UNIFIED, ˈjuː n ɪ f ˌaɪ d
UNLIMITED, ɐ n l ˈɪ m ɪ t ɪ d
UNSIGNED, ɐ n s ˈaɪ n d
UNSUBSCRIBE, ɐ n s ə b s k ɹ ˈaɪ b
UNTO, ˈɐ n t uː
UPCOMING, ˈɐ p k ˌɐ m ɪ ŋ
UPDATE(1), ˈɐ p d ˌeɪ t
UPDATE(2), ɐ p d ˈeɪ t
UPDATED, ɐ p d ˈeɪ t ɪ d
UPDATES(1), ˈɐ p d ˌeɪ t s
UPDATES(2), ɐ p d ˈeɪ t s
UPDATING, ɐ p d ˈeɪ t ɪ ŋ
UPGRADE(1), ˈɐ p g ɹ ˌeɪ d
UPGRADE(2), ɐ p g ɹ ˈeɪ d
UPGRADES(1), ˈɐ p g ɹ ˌeɪ d z
UPGRADES(2), ɐ p g ɹ ˈeɪ d z
UPLOAD, ˈɐ p l ˌəʊ d
UPLOADED, ˈɐ p l ˌəʊ d ɪ d
URUGUAY, ˈjʊə ɹ ə g w ˌaɪ
USAGE, ˈjuː s ɪ dʒ
UTAH(1), ˈjuː t ˌɑː
UTAH(2), ˈjuː t ˌɔː
UTILITIES, juː t ˈɪ l ɪ t iː z
UTILITY, juː t ˈɪ l ɪ t iː
VACATION(1), v eɪ k ˈeɪ ʃ ə n
VACATION(2), v ə k ˈeɪ ʃ ə n
VACATIONS(1), v eɪ k ˈeɪ ʃ ə n z
VACATIONS(2), v ə k ˈeɪ ʃ ə n z
VACCINE, v ˈæ k s iː n
VALENTINE, v ˈæ l ə n t ˌaɪ n
VALIDATION, v ˌæ l ɪ d ˈeɪ ʃ ə n
VALIUM, v ˈæ l ɪə m
VALVE, v ˈæ l v
VANCOUVER, v æ n k ˈuː v ə
VARIABLE, v ˈɛə ɹ ɪə b ə l
VARIED, v ˈɛə ɹ ɪ d
VECTOR, v ˈɛ k t ə
VEGAS, v ˈeɪ g ə s
VELOCITY, v ə l ˈɒ s ɪ t iː
VENDOR, v ˈɛ n d ə
VENDORS, v ˈɛ n d ə z
VENEZUELA, v ˌɛ n ɪ z w ˈeɪ l ə
VENUE, v ˈɛ n juː
VENUES, v ˈɛ n uː z
VERIFICATION, v ˌɛ ɹ ɪ f ɪ k ˈeɪ ʃ ə n
VERIFIED, v ˈɛ ɹ ɪ f ˌaɪ d
VERIFY, v ˈɛ ɹ ɪ f ˌaɪ
VERMONT, v ə m ˈɒ n t
VERSUS, v ˈɜː s ə s
VESSEL, v ˈɛ s ə l
VETERAN, v ˈɛ t ə ɹ ə n
VETERANS, v ˈɛ t ə ɹ ə n z
VETERINARY, v ˈɛ t ə ɹ ɪ n ə ɹ iː
VIAGRA, v aɪ ˈæ g ɹ ə
VIBRATOR, v ˈaɪ b ɹ eɪ t ə
VICTOR, v ˈɪ k t ə
VIENNA, v ɪ ˈɛ n ə
VIEWED, v ˈjuː d
VIEWER, v ˈjuː ə
VIEWING, v ˈjuː ɪ ŋ
VILLAS, v ˈɪ l ə z
VINTAGE, v ˈɪ n t ɪ dʒ
VINYL, v ˈaɪ n ə l
VIOLATION, v aɪ ə l ˈeɪ ʃ ə n
VIOLATIONS, v aɪ ə l ˈeɪ ʃ ə n z
VIRGIN, v ˈɜː dʒ ɪ n
VIRGINIA, v ə dʒ ˈɪ n j ə
VIRTUAL, v ˈɜː tʃ ʊə l
VIRUSES, v ˈaɪ ɹ ə s ɪ z
VISA, v ˈiː z ə
VISIBILITY, v ˌɪ z ɪ b ˈɪ l ɪ t iː
VISTA, v ˈɪ s t ə
VITAMINS, v ˈɪ t ə m ə n z
VOCAL, v ˈəʊ k ə l
VOCALS, v ˈəʊ k ə l z
VOCATIONAL, v əʊ k ˈeɪ ʃ ə n ə l
VOID, v ˈɔɪ d
VOLKSWAGEN, v ˈəʊ l k s w ˌæ g ə n
VOLLEYBALL, v ˈɒ l iː b ˌɔː l
VOLTAGE, v ˈəʊ l t ɪ dʒ
VOLUNTEER, v ˌɒ l ə n t ˈɪə
VOLVO, v ˈəʊ l v əʊ
VOTED, v ˈəʊ t ɪ d
VOYEUR(1), v w aɪ ˈɜː
VOYEUR(2), v ɔɪ ˈɜː
VULNERABILITY, v ˌɐ l n ə ɹ ə b ˈɪ l ɪ t iː
WALLACE, w ˈɔː l ɪ s
WALLPAPERS, w ˈɔː l p ˌeɪ p ə z
WANNA, w ˈɒ n ə
WARMING, w ˈɔː m ɪ ŋ
WARNER, w ˈɔː n ə
WARNINGS, w ˈɔː n ɪ ŋ z
WARRANT, w ˈɒ ɹ ə n t
WARRANTIES, w ˈɒ ɹ ə n t iː z
WARRANTY, w ˈɒ ɹ ə n t iː
WARRIOR, w ˈɒ ɹ ɪ ə
WATCHES, w ˈɒ tʃ ɪ z
WATSON, w ˈɒ t s ə n
WATT, w ˈɒ t
WATTS, w ˈɒ t s
WEBMASTER, w ˈɛ b m ˌɑː s t ə
WEBSTER, w ˈɛ b s t ə
WELLINGTON, w ˈɛ l ɪ ŋ t ə n
WELLNESS, w ˈɛ l n ə s
WHEAT, w ˈiː t
WHOLESALE, h ˈəʊ l s ˌeɪ l
WICHITA, w ˈɪ tʃ ɪ t ˌɔː
WIKI, w ˈɪ k iː
WIKIPEDIA, w ˈɪ k ɪ p ˌiː d ɪə
WILDERNESS, w ˈɪ l d ə n ə s
WIRED, w ˈaɪ ə d
WIRELESS, w ˈaɪ ə l ɪ s
WISCONSIN, w ɪ s k ˈɒ n s ɪ n
WITNESSES, w ˈɪ t n ə s ɪ z
WIZARD, w ˈɪ z ə d
WOLF, w ˈʊ l f
WORKPLACE, w ˈɜː k p l ˌeɪ s
WORKSHOPS, w ˈɜː k ʃ ˌɒ p s
WORLDS, w ˈɜː l d z
WORLDWIDE, w ˈɜː l d w ˈaɪ d
WYOMING, w ˌaɪ ˈəʊ m ɪ ŋ
YAHOO(1), j ˈɑː h ˌuː
YAHOO(2), j ə h ˈuː
YAMAHA(1), j ˈɑː m ə h ə
YAMAHA(2), j ə m ˈɑː h ə
YIELD, j ˈiː l d
YOGA, j ˈəʊ g ə
ZAMBIA, z ˈæ m b ɪə
ZIMBABWE(1), z ɪ m b ˈɑː b w eɪ
ZIMBABWE(2), z ɪ m b ˈɑː b w iː
ZONES, z ˈəʊ n z
ZONING, z ˈəʊ n ɪ ŋ
ZOO, z ˈuː
ZOOM, z ˈuː m
